Social,Social,Social,Sleep,Sleep,Sleep,Sleep,Sleep,Sleep,Sleep,Sleep,Wasted,Wasted,Relax,Relax,Relax,Relax,Social,Social,Relax,Relax,Social,Social,Romance,,
Romance,Sleep,Sleep,Sleep,Sleep,Sleep,Sleep,Exercise,Productive,Romance,Romance,Romance,Relax,Relax,Relax,Exercise,Exercise,Productive,Relax,Relax,Social,Social,Social,Social,,
Sleep,Sleep,Sleep,Sleep,Sleep,Sleep,Sleep,Exercise,Exercise,Productive,Relax,Productive,Productive,Productive,Relax,Exercise,Exercise,Relax,Relax,Social,Social,Social,Social,Social,,
Relax,Relax,Sleep,Sleep,Sleep,Sleep,Sleep,Sleep,Sleep,Productive,EXERCISE,Social,Productive,Productive,Productive,EXERCISE,EXERCISE,Social,Social,Relax,Social,Social,Romance,Romance,,
Romance,Romance,WASTED,Sleep,Sleep,Sleep,Sleep,Sleep,Sleep,Sleep,WASTED,WASTED,WASTED,EXERCISE,EXERCISE,Relax,Relax,Productive,Productive,Social,Relax,Relax,Social,Social,,
Relax,Sleep,Sleep,Sleep,Sleep,Sleep,Sleep,Sleep,exercise,wasted,Social,Relax,Sleep,Sleep,Productive,Productive,Relax,Productive,Social,Social,Social,Social,Social,Social,,
Relax,Relax,Sleep,Sleep,Sleep,Sleep,Sleep,Sleep,exercise,exercise,Relax,Sleep,Sleep,Sleep,Relax,Productive,Productive,Social,Social,Social,Social,Social,Social,Social,,
Social,Social,Sleep,Sleep,Sleep,Sleep,Sleep,Sleep,Sleep,Sleep,Sleep,Sleep,Sleep,Relax,Relax,Productive,Productive,Productive,Social,Relax,Relax,Social,Social,Relax,,
Relax,Sleep,Sleep,Sleep,Sleep,Sleep,Sleep,exercise,exercise,Social,Productive,Productive,Social,Social,Productive,Productive,EXERCISE,Social,Social,Relax,Social,Social,Relax,Sleep,,
Sleep,Sleep,Sleep,Sleep,Sleep,Sleep,Sleep,exercise,EXERCISE,Social,Relax,Sleep,Relax,Development,Productive,EXERCISE,EXERCISE,Relax,Relax,Social,Productive,Productive,Productive,Relax,,
Relax,Sleep,Sleep,Sleep,Sleep,Sleep,Sleep,exercise,Productive,Social,Productive,Sleep,Sleep,Development,Development,Development,Productive,Development,Development,Relax,Relax,Relax,Relax,Sleep,,
Sleep,Sleep,Sleep,Sleep,Sleep,Sleep,Sleep,EXERCISE,EXERCISE,Social,Productive,Productive,Productive,Productive,Productive,exercise,EXERCISE,Social,Productive,FAMILY,Productive,Productive,Social,Relax,,
Sleep,Sleep,Sleep,Sleep,Sleep,Sleep,Sleep,Sleep,EXERCISE,Social,Productive,Productive,Work / Class,EXERCISE,Relax,Social,Social,Social,Social,Productive,Productive,Productive,Productive,Productive,,
Relax,Sleep,Sleep,Sleep,Sleep,Sleep,Sleep,Relax,EXERCISE,EXERCISE,Relax,Productive,Productive,Productive,Productive,Relax,Productive,Productive,Productive,Productive,Work / Class,Relax,Social,Social,,
Social,Social,Social,Relax,Sleep,Relax,Relax,Sleep,Sleep,Sleep,Sleep,Social,WASTED,WASTED,Relax,Sleep,Relax,Productive,Productive,Productive,Productive,Productive,Relax,Sleep,,
Sleep,Sleep,Sleep,Sleep,Sleep,Sleep,Sleep,Sleep,Relax,Relax,Productive,Productive,Productive,Productive,Productive,Productive,Productive,Productive,Productive,Productive,Productive,Productive,Productive,Relax,,
Sleep,Sleep,Sleep,Sleep,Sleep,Sleep,Sleep,Sleep,Relax,Productive,Productive,Productive,Productive,Productive,Productive,Productive,Productive,Relax,Relax,Social,Relax,Relax,Relax,Relax,,
Sleep,Sleep,Sleep,Sleep,Sleep,Sleep,Relax,EXERCISE,EXERCISE,Social,Productive,Productive,Productive,Work / Class,Work / Class,Work / Class,Relax,Relax,Relax,Relax,Relax,Relax,Relax,Social,,
Relax,Sleep,Sleep,Sleep,Sleep,Sleep,Sleep,Sleep,Relax,Development,Development,Relax,Social,Productive,EXERCISE,EXERCISE,Development,Development,Relax,Social,Social,Social,Social,Social,,
Relax,Relax,Sleep,Sleep,Sleep,Sleep,Sleep,Sleep,Sleep,Relax,Productive,Productive,Sleep,Relax,EXERCISE,EXERCISE,Social,Relax,Social,Social,Productive,Relax,Sleep,Sleep,,
Sleep,Sleep,Sleep,Sleep,Sleep,Sleep,Sleep,EXERCISE,EXERCISE,Relax,Relax,Relax,Productive,Productive,Productive,Sleep,Relax,Relax,Development,Development,Relax,Relax,Social,Social,,
Sleep,Sleep,Sleep,Sleep,Sleep,Sleep,Sleep,Sleep,Sleep,Sleep,Relax,Productive,Productive,Work / Class,Work / Class,Work / Class,Relax,Relax,Social,Productive,Productive,Productive,Productive,Sleep,,
Sleep,Sleep,Sleep,Sleep,Sleep,Sleep,Sleep,Relax,Productive,Work / Class,Work / Class,Work / Class,Productive,Productive,Productive,EXERCISE,EXERCISE,Development,Development,Productive,Productive,Social,Social,Social,,
Social,Romance,Romance,Romance,Sleep,Sleep,Sleep,Sleep,Relax,Social,Productive,Productive,Social,EXERCISE,Productive,EXERCISE,Productive,Productive,Productive,Productive,Productive,Relax,Sleep,Sleep,,
Sleep,Sleep,Sleep,Sleep,Sleep,Sleep,Sleep,Relax,Productive,Productive,Productive,Productive,Productive,Work / Class,Work / Class,Work / Class,Relax,EXERCISE,Social,FAMILY,Social,Social,Social,Romance,,
Romance,Sleep,Sleep,Sleep,Sleep,Sleep,Sleep,Romance,Social,Social,Relax,Sleep,Sleep,exercise,exercise,exercise,Relax,Relax,Relax,Relax,Relax,Relax,Social,Romance,,
Sleep,Sleep,Sleep,Sleep,Sleep,Sleep,Relax,EXERCISE,EXERCISE,Social,Sleep,Relax,Relax,Social,Productive,EXERCISE,EXERCISE,Relax,Relax,Relax,Relax,Relax,Romance,Romance,,
Sleep,Sleep,Sleep,Sleep,Sleep,Sleep,Sleep,Relax,EXERCISE,EXERCISE,Social,Relax,Sleep,Sleep,Sleep,Social,Social,Social,Relax,Relax,Relax,Relax,Relax,Sleep,,
Sleep,Sleep,Sleep,Sleep,Sleep,Sleep,Sleep,Sleep,Sleep,Relax,Sleep,Sleep,Social,Relax,Relax,Relax,Relax,Relax,Relax,Relax,Social,Relax,Relax,Relax,,
Sleep,Sleep,Sleep,Sleep,Sleep,Sleep,Sleep,Sleep,Relax,Relax,Development,Development,Relax,Development,Development,Development,Development,Development,Social,Social,Social,Relax,Romance,Romance,,
Romance,Sleep,Sleep,Sleep,Sleep,Sleep,Sleep,Sleep,Relax,Relax,Productive,Social,Social,Relax,Relax,Social,Social,Social,Social,Social,Relax,family,FAMILY,Sleep,,
Sleep,Sleep,Sleep,Sleep,Sleep,Sleep,Sleep,EXERCISE,Social,Social,Relax,Social,Social,Relax,FAMILY,Social,Social,Social,FAMILY,FAMILY,FAMILY,FAMILY,Relax,Sleep,,
Sleep,Sleep,Sleep,Sleep,Sleep,Sleep,Sleep,Sleep,exercise,exercise,Social,Social,Social,Social,Social,Sleep,Sleep,Relax,FAMILY,FAMILY,Relax,Relax,Social,Social,,
Sleep,Sleep,Sleep,Sleep,Sleep,Sleep,Relax,exercise,exercise,Relax,Relax,Social,Work / Class,Relax,EXERCISE,EXERCISE,Relax,Relax,Social,Relax,Relax,Relax,Relax,Sleep,,
Sleep,Sleep,Sleep,Sleep,Sleep,Sleep,Relax,Productive,Social,Social,Social,Social,Social,Social,Social,Social,Social,Social,EXERCISE,Relax,Relax,Social,Social,Romance,,
Romance,Romance,Relax,Sleep,Sleep,Sleep,Sleep,Sleep,Sleep,Sleep,Relax,Sleep,Productive,Social,Social,Social,Social,Social,Productive,Relax,Social,Social,Social,Romance,,
Romance,Relax,Sleep,Sleep,Sleep,Sleep,Sleep,Sleep,Sleep,Relax,Work / Class,Work / Class,Work / Class,Relax,Relax,Work / Class,Work / Class,Productive,Relax,Productive,,Social,Social,Relax,,
Sleep,Sleep,Sleep,Sleep,Sleep,Sleep,Sleep,exercise,exercise,Social,Productive,Work / Class,Work / Class,Relax,Productive,Work / Class,EXERCISE,EXERCISE,Relax,Productive,Productive,Social,Social,Relax,,
Sleep,Sleep,Sleep,Sleep,Sleep,Sleep,Sleep,Sleep,Productive,Productive,Productive,Work / Class,Work / Class,Productive,Productive,Work / Class,Work / Class,EXERCISE,Productive,Work / Class,Work / Class,Productive,Productive,Sleep,,
Sleep,Sleep,Sleep,Sleep,Sleep,Sleep,Sleep,Relax,Productive,Productive,Work / Class,Work / Class,Work / Class,Productive,Productive,Productive,EXERCISE,EXERCISE,Social,Social,Productive,Productive,Relax,Sleep,,
Sleep,Sleep,Sleep,Sleep,Sleep,Sleep,EXERCISE,EXERCISE,Social,Productive,Work / Class,WASTED,WASTED,Productive,Productive,EXERCISE,EXERCISE,Social,Productive,Social,Relax,Relax,Social,Social,,
Relax,Sleep,Sleep,Sleep,Sleep,Sleep,Sleep,Sleep,EXERCISE,EXERCISE,Social,Relax,Relax,Sleep,Sleep,Relax,Relax,Relax,Productive,Productive,Social,WASTED,Relax,Productive,,
Productive,Relax,Sleep,Sleep,Sleep,Sleep,Sleep,Sleep,Sleep,Sleep,Sleep,Relax,WASTED,Sleep,Sleep,Relax,WASTED,Sleep,Sleep,Sleep,WASTED,Sleep,Relax,WASTED,,
Sleep,Sleep,Sleep,Sleep,WASTED,Sleep,Sleep,Sleep,Sleep,Productive,Productive,Productive,Work / Class,Work / Class,Work / Class,Work / Class,Productive,Productive,Productive,Productive,Productive,Relax,Relax,Relax,,
Sleep,Sleep,Sleep,Sleep,Sleep,Sleep,Sleep,Sleep,Relax,Productive,Productive,Work / Class,Productive,Productive,Productive,Work / Class,Productive,Social,Social,Relax,Productive,Relax,Social,Relax,,
Relax,Sleep,Sleep,Sleep,Sleep,Sleep,Sleep,Sleep,Sleep,Productive,Work / Class,Productive,Work / Class,Productive,Development,Work / Class,Work / Class,EXERCISE,Productive,Work / Class,Work / Class,FAMILY,Relax,Sleep,,
Sleep,Sleep,Sleep,Sleep,Sleep,Sleep,Sleep,Sleep,Relax,Productive,Work / Class,Work / Class,Productive,Social,Sleep,Sleep,Relax,Relax,Productive,Relax,Productive,Productive,Productive,Sleep,,
Sleep,Sleep,Sleep,Sleep,Sleep,Sleep,Sleep,Relax,Relax,Productive,Work / Class,Work / Class,Productive,Social,Social,EXERCISE,EXERCISE,Relax,Relax,Social,Social,Social,Social,Social,,
Social,Sleep,Sleep,Sleep,Sleep,Sleep,Sleep,Sleep,EXERCISE,EXERCISE,Social,Relax,Relax,Sleep,Sleep,Relax,Relax,Relax,Social,Social,Social,Social,Social,Social,,
Social,Social,Sleep,Sleep,Sleep,Sleep,Sleep,Sleep,Sleep,Relax,family,Relax,Relax,Productive,Productive,Productive,Social,Social,Productive,Relax,Social,Social,Social,Social,,
Relax,Relax,Sleep,Sleep,Sleep,WASTED,Sleep,Sleep,Sleep,Social,Productive,Work / Class,Work / Class,Work / Class,Work / Class,Work / Class,EXERCISE,EXERCISE,Relax,Relax,Productive,Productive,Productive,Relax,,
Sleep,Sleep,Sleep,Sleep,Sleep,Sleep,Sleep,EXERCISE,Social,Productive,Productive,Work / Class,Productive,Social,Relax,Work / Class,EXERCISE,EXERCISE,Social,Work / Class,Productive,Productive,Productive,Relax,,
Sleep,Sleep,Sleep,Sleep,Sleep,Sleep,Sleep,Sleep,Sleep,Sleep,Work / Class,Work / Class,Productive,Work / Class,Productive,Work / Class,Productive,Productive,Productive,Work / Class,Work / Class,Productive,Relax,WASTED,,
Sleep,Sleep,Sleep,Sleep,Sleep,Sleep,Sleep,EXERCISE,Social,Productive,Work / Class,Work / Class,Productive,Development,Development,Productive,EXERCISE,EXERCISE,Relax,Social,Social,Social,Social,Social,,
Social,Social,Sleep,Sleep,Sleep,Sleep,Sleep,Sleep,Sleep,Sleep,Productive,Work / Class,Productive,Social,Productive,EXERCISE,EXERCISE,Relax,Social,Social,Social,Social,Social,Social,,
Social,Social,Relax,Sleep,Sleep,Sleep,Sleep,Sleep,Sleep,Sleep,Productive,Productive,Relax,Relax,Relax,Relax,Social,Productive,Productive,Productive,Productive,Social,Social,Social,,
Social,Social,Romance,Relax,Sleep,Sleep,Sleep,Sleep,Sleep,Sleep,Sleep,Relax,Relax,Productive,Productive,Productive,Productive,Relax,Social,Social,Social,Social,Social,Relax,,
Sleep,Sleep,Sleep,Sleep,Sleep,Sleep,Sleep,Sleep,Relax,Productive,Work / Class,Work / Class,Work / Class,Work / Class,Work / Class,Work / Class,Productive,EXERCISE,Relax,Productive,Productive,Productive,Productive,Relax,,
Sleep,Sleep,Sleep,Sleep,Sleep,Sleep,Sleep,EXERCISE,Social,Social,Sleep,Work / Class,Productive,Productive,Productive,Work / Class,Productive,Productive,Productive,Work / Class,Productive,Productive,Relax,Social,,
Romance,Romance,Sleep,Sleep,Sleep,Sleep,Sleep,Sleep,Sleep,Productive,Work / Class,Work / Class,Work / Class,Productive,Relax,Productive,exercise,Social,Relax,Work / Class,Work / Class,Productive,Relax,Sleep,,
Sleep,Sleep,Sleep,Sleep,Sleep,Sleep,Sleep,EXERCISE,EXERCISE,Social,Work / Class,Work / Class,Productive,Social,Productive,Sleep,Sleep,Relax,Social,Productive,Productive,Productive,Social,Social,,
Social,Social,Sleep,Sleep,Sleep,Sleep,Sleep,Sleep,Productive,Development,Development,Work / Class,EXERCISE,Productive,Productive,Productive,Productive,Relax,Relax,Productive,Productive,Social,Social,Social,,
Social,Relax,Sleep,Sleep,Sleep,Sleep,Sleep,Sleep,Sleep,Sleep,Sleep,Relax,Productive,Social,Social,Social,Development,Development,Development,Productive,Social,Social,Sleep,Social,,
Social,Social,Sleep,Sleep,Relax,Sleep,Sleep,Sleep,Sleep,Sleep,Sleep,Sleep,Relax,Relax,Relax,Sleep,Sleep,Relax,Relax,Relax,Relax,Sleep,Sleep,Sleep,,
Sleep,Sleep,Sleep,Sleep,Sleep,Relax,Sleep,Relax,Productive,Productive,Productive,Work / Class,Work / Class,Work / Class,Work / Class,Work / Class,Work / Class,Productive,Relax,Productive,Productive,Productive,Relax,Relax,,
Sleep,Sleep,Sleep,Sleep,Sleep,Sleep,Sleep,Sleep,Relax,Productive,Productive,Work / Class,Social,Productive,EXERCISE,EXERCISE,Productive,Productive,Productive,Work / Class,Productive,Relax,Relax,Sleep,,
Sleep,Sleep,Sleep,Sleep,Sleep,Sleep,Sleep,Productive,Productive,Development,Work / Class,Work / Class,Work / Class,Productive,Productive,Work / Class,Productive,Productive,Development,Social,Development,Development,Relax,Relax,,
Sleep,Sleep,Sleep,Sleep,Sleep,Sleep,Sleep,Sleep,Productive,Productive,Work / Class,Work / Class,Work / Class,Development,Development,EXERCISE,Productive,EXERCISE,Relax,Productive,Productive,Productive,Productive,Social,,
Relax,Sleep,Sleep,Sleep,Sleep,Sleep,Sleep,Relax,Social,Development,Development,Work / Class,Development,Social,Social,Social,Productive,Productive,Relax,Relax,Social,Social,Social,Social,,
Social,Social,Relax,Sleep,Sleep,Sleep,Sleep,Sleep,Sleep,Sleep,Sleep,Relax,Productive,Relax,Relax,Social,Social,Social,Social,Social,Social,Social,Social,Social,,
Social,Social,Social,Romance,Romance,Sleep,Sleep,Sleep,Sleep,Sleep,Sleep,Sleep,Romance,Productive,Sleep,Sleep,Sleep,Relax,Relax,Relax,Relax,Relax,Productive,Productive,,
Sleep,Sleep,Sleep,Sleep,Sleep,Sleep,Sleep,Sleep,Sleep,Productive,Productive,Work / Class,Work / Class,Work / Class,Work / Class,Work / Class,Productive,EXERCISE,Productive,Relax,Productive,Relax,Social,Relax,,
Relax,Sleep,Sleep,Sleep,Sleep,Sleep,Sleep,Sleep,Sleep,Relax,Relax,Productive,Productive,Social,Productive,Productive,Relax,Relax,EXERCISE,Productive,Relax,Social,Social,Social,,
Romance,Sleep,Sleep,Sleep,Sleep,Sleep,Sleep,Sleep,Relax,Productive,Work / Class,Work / Class,Work / Class,Productive,Productive,Work / Class,Productive,Productive,Work / Class,Relax,Social,Social,Social,Social,,
Romance,Sleep,Sleep,Sleep,Sleep,Sleep,Sleep,Sleep,Relax,EXERCISE,EXERCISE,Work / Class,Relax,Relax,Development,Relax,Relax,Relax,Relax,Relax,Social,Social,Social,Social,,
Social,Social,Social,Romance,Sleep,Sleep,Sleep,Sleep,Sleep,Relax,Sleep,Work / Class,Social,Sleep,Sleep,Sleep,Relax,Relax,Relax,Relax,Relax,Social,Social,Relax,,
Social,Relax,Relax,Sleep,Sleep,Sleep,Sleep,Sleep,Sleep,Sleep,Sleep,Sleep,Relax,Relax,Social,Relax,Relax,Relax,WASTED,WASTED,WASTED,Social,Social,Relax,,
Relax,Sleep,Sleep,Sleep,Sleep,Sleep,Sleep,Sleep,Sleep,Relax,Social,Social,Social,Social,Social,Social,Social,Social,Social,Social,Social,Social,Social,Sleep,,
Sleep,Sleep,Sleep,Sleep,Sleep,Sleep,Sleep,Sleep,Sleep,Sleep,Relax,EXERCISE,EXERCISE,Social,Social,Social,Social,Social,Social,Social,Social,Social,Social,Social,,
Relax,Sleep,Sleep,Sleep,Sleep,Sleep,Sleep,Sleep,Sleep,Sleep,Relax,EXERCISE,EXERCISE,Social,Social,Social,Social,Social,Social,Social,Social,Social,Social,Social,,
Relax,Relax,Sleep,Sleep,Sleep,Sleep,Sleep,Sleep,Sleep,Sleep,Sleep,Relax,Relax,Relax,Social,Social,Social,Social,Social,Social,Social,Social,Relax,Sleep,,
Sleep,Sleep,Sleep,Sleep,Sleep,Sleep,Sleep,Sleep,Sleep,Relax,Relax,Relax,exercise,exercise,Social,Social,Social,Social,Social,Social,Social,Social,Social,Social,,
Relax,Relax,Relax,WASTED,Sleep,Sleep,Sleep,Sleep,Sleep,Sleep,Sleep,Social,Social,Social,Social,Social,Social,Social,Social,Social,Social,Social,Relax,Relax,,
Sleep,Sleep,Sleep,Sleep,Sleep,Productive,Social,Relax,Productive,,,,Relax,Relax,Relax,Relax,Relax,Relax,Social,Social,Social,Social,Social,Relax,,
Sleep,Sleep,Sleep,Sleep,Sleep,Sleep,Sleep,Sleep,Sleep,Sleep,Sleep,Sleep,Sleep,Sleep,Sleep,Relax,Relax,Relax,Relax,Social,Social,Social,Social,Social,,
Romance,Romance,Sleep,Sleep,Sleep,Sleep,Sleep,EXERCISE,EXERCISE,Relax,Productive,Work / Class,Work / Class,Work / Class,Work / Class,Work / Class,Work / Class,Productive,Social,Relax,Productive,Relax,Relax,Relax,,
Sleep,Sleep,Sleep,Sleep,Sleep,Sleep,Sleep,EXERCISE,EXERCISE,Sleep,Relax,Work / Class,Productive,Productive,Productive,Work / Class,EXERCISE,EXERCISE,Productive,Work / Class,Productive,Productive,Productive,Relax,,
Relax,Sleep,Sleep,Sleep,Sleep,Sleep,Sleep,Sleep,Sleep,Productive,Work / Class,Work / Class,Work / Class,Relax,Productive,Work / Class,EXERCISE,EXERCISE,Productive,Work / Class,Work / Class,Productive,FAMILY,Sleep,,
Sleep,Sleep,Sleep,Sleep,Sleep,Sleep,Sleep,EXERCISE,EXERCISE,Relax,Work / Class,Productive,Productive,Productive,Productive,Productive,Productive,Productive,Relax,Productive,Productive,Social,Social,Relax,,
Sleep,Sleep,Sleep,Sleep,Sleep,Sleep,Sleep,Sleep,Relax,Productive,Productive,Productive,Productive,Work / Class,Work / Class,Productive,Productive,Relax,Social,Social,Social,Social,Social,Social,,
Social,Social,Relax,Sleep,Sleep,Sleep,Sleep,Sleep,Sleep,Sleep,Sleep,Productive,Relax,Relax,Relax,Relax,Relax,Relax,Social,Social,Social,Social,Relax,Relax,,
Romance,Sleep,Sleep,Sleep,Sleep,Sleep,Sleep,Sleep,Sleep,Sleep,Productive,Productive,Productive,Productive,Social,Social,Productive,Relax,Relax,Productive,Productive,Productive,Relax,Sleep,,
Sleep,Sleep,Sleep,Sleep,Sleep,Sleep,Sleep,EXERCISE,EXERCISE,Relax,Productive,Work / Class,Work / Class,Work / Class,Work / Class,Work / Class,Development,EXERCISE,FAMILY,Productive,Productive,Productive,Relax,Sleep,,
Sleep,Sleep,Sleep,Sleep,Sleep,Sleep,Sleep,Productive,EXERCISE,Relax,Productive,Work / Class,Productive,Productive,Productive,Work / Class,EXERCISE,EXERCISE,Productive,Work / Class,Productive,Productive,Productive,Social,,
Social,Relax,Relax,Sleep,Sleep,Sleep,Sleep,Sleep,Relax,Productive,Work / Class,Work / Class,Work / Class,Productive,Productive,Work / Class,EXERCISE,EXERCISE,Productive,Productive,Productive,Productive,Relax,Sleep,,
Sleep,Sleep,Sleep,Sleep,Sleep,Sleep,Relax,EXERCISE,EXERCISE,Relax,Work / Class,Work / Class,Social,Productive,Social,Relax,Relax,EXERCISE,Relax,FAMILY,FAMILY,Relax,Relax,Sleep,,
Sleep,Sleep,Sleep,Sleep,Sleep,Sleep,Sleep,Sleep,Relax,Relax,Productive,Work / Class,Productive,Productive,Productive,Productive,Relax,Relax,Relax,Relax,Relax,Social,Social,Social,,
Relax,Relax,Sleep,Sleep,Sleep,Sleep,Sleep,Sleep,Sleep,Sleep,Sleep,Sleep,Relax,Relax,Relax,Relax,Relax,Social,Social,Relax,Relax,Social,Social,Social,,
Sleep,Sleep,Sleep,Sleep,Sleep,Sleep,Sleep,Sleep,Sleep,Sleep,Relax,Relax,Productive,Productive,Productive,Productive,Relax,Relax,Relax,Relax,Relax,Social,Social,Social,,
Sleep,Sleep,Sleep,Sleep,Sleep,Sleep,Sleep,EXERCISE,EXERCISE,Relax,Productive,Work / Class,Work / Class,Work / Class,Work / Class,Work / Class,Work / Class,EXERCISE,FAMILY,Productive,Productive,Social,Sleep,Sleep,,
Sleep,Sleep,Sleep,Sleep,Sleep,Sleep,Productive,EXERCISE,EXERCISE,Relax,Productive,Work / Class,Productive,Relax,Productive,Productive,EXERCISE,EXERCISE,Relax,Productive,Productive,Social,Social,Productive,,
Productive,Sleep,Sleep,Sleep,Sleep,Sleep,Sleep,Sleep,Sleep,Productive,Work / Class,Productive,Productive,Work / Class,Productive,Relax,Social,Productive,Productive,Work / Class,Work / Class,Relax,FAMILY,Sleep,,
Sleep,Sleep,Sleep,Sleep,Sleep,Sleep,Productive,EXERCISE,EXERCISE,Relax,Work / Class,Work / Class,Productive,Productive,Productive,Productive,Productive,EXERCISE,Social,Productive,Productive,Productive,Productive,Relax,,
Relax,Relax,Sleep,Sleep,Sleep,Sleep,Sleep,Sleep,Relax,Productive,Productive,Work / Class,Relax,Productive,,EXERCISE,EXERCISE,Social,Social,Social,Social,Social,Relax,Relax,,
Relax,Relax,Relax,Sleep,Sleep,Sleep,Sleep,Sleep,Sleep,Sleep,Sleep,Relax,Relax,Relax,Social,Social,Relax,Social,Social,Social,Social,Relax,Relax,Relax,,
Sleep,Sleep,Sleep,Sleep,Sleep,Sleep,Sleep,Sleep,Sleep,Sleep,Relax,Relax,Relax,Social,Social,Sleep,Productive,Productive,Relax,Relax,Relax,Relax,Relax,Relax,,
Relax,Sleep,Sleep,Sleep,Sleep,Sleep,Sleep,Sleep,Relax,Relax,Productive,Work / Class,Work / Class,Work / Class,Work / Class,Work / Class,EXERCISE,EXERCISE,Relax,Relax,Social,Social,Relax,Sleep,,
Sleep,Sleep,Sleep,Sleep,Sleep,Sleep,Relax,EXERCISE,EXERCISE,Relax,Productive,Work / Class,Productive,Productive,Productive,Work / Class,EXERCISE,EXERCISE,Productive,Work / Class,Development,Productive,Productive,Sleep,,
Sleep,Sleep,Sleep,Sleep,Sleep,Sleep,Sleep,Sleep,Relax,Productive,Work / Class,Work / Class,Work / Class,Relax,Productive,Work / Class,EXERCISE,EXERCISE,Relax,Work / Class,Work / Class,Productive,Productive,Sleep,,
Sleep,Sleep,Sleep,Sleep,Sleep,Sleep,Relax,EXERCISE,EXERCISE,Productive,Work / Class,Work / Class,Productive,Relax,Relax,Productive,Social,Social,Social,Social,Social,Relax,Relax,Social,,
Relax,Relax,Sleep,Sleep,Sleep,Sleep,Sleep,Relax,Productive,Relax,Sleep,Sleep,Relax,Productive,Productive,Productive,Productive,Relax,Social,Social,Social,Relax,Relax,Sleep,,
Sleep,Sleep,Sleep,Sleep,Sleep,Sleep,Relax,EXERCISE,EXERCISE,Social,Social,Social,Social,Social,Relax,Relax,Relax,Relax,Relax,Relax,Social,Social,Relax,Relax,,
Relax,Sleep,Sleep,Sleep,Sleep,Sleep,Sleep,Sleep,Sleep,Relax,Productive,Productive,Social,Social,Social,Social,Social,Social,Relax,Relax,Social,Social,Relax,Sleep,,
Sleep,Sleep,Sleep,Sleep,Sleep,Sleep,Sleep,Sleep,Productive,Productive,Productive,Work / Class,Work / Class,Work / Class,Work / Class,Work / Class,EXERCISE,EXERCISE,Social,Productive,Productive,Relax,Social,Sleep,,
Sleep,Sleep,Sleep,Sleep,Sleep,Sleep,Relax,EXERCISE,EXERCISE,Relax,Sleep,Productive,Sleep,Productive,Productive,Work / Class,Productive,EXERCISE,EXERCISE,Work / Class,Productive,Productive,Relax,Sleep,,
Sleep,Sleep,Sleep,Sleep,Sleep,Sleep,Sleep,EXERCISE,EXERCISE,Social,Work / Class,Work / Class,Work / Class,Productive,Relax,Work / Class,Productive,Productive,Work / Class,Work / Class,Work / Class,Relax,Sleep,Sleep,,
Sleep,Sleep,Sleep,Sleep,Sleep,Sleep,Relax,EXERCISE,EXERCISE,Social,Work / Class,Work / Class,Productive,Productive,Productive,Productive,Productive,EXERCISE,Social,Relax,Productive,Productive,Social,Social,,
Social,Relax,Relax,Sleep,Sleep,Sleep,Sleep,Sleep,Productive,Social,Relax,Work / Class,Sleep,Sleep,Productive,EXERCISE,EXERCISE,Productive,Productive,Productive,Relax,Relax,Social,Social,,
Social,Relax,Relax,Relax,Sleep,Sleep,Sleep,Sleep,Sleep,Sleep,Sleep,Sleep,Relax,Relax,Social,Relax,Productive,Sleep,Sleep,Relax,Relax,Relax,Social,Relax,,
Relax,Relax,Relax,Sleep,Sleep,Sleep,Sleep,Sleep,Sleep,Sleep,Sleep,Sleep,Relax,Relax,Relax,FAMILY,Social,Productive,Productive,Productive,Relax,Relax,Relax,Relax,,
Relax,Relax,Sleep,Sleep,Sleep,Sleep,Sleep,Sleep,Sleep,Productive,Productive,Work / Class,Work / Class,Work / Class,Work / Class,Work / Class,EXERCISE,EXERCISE,Social,Productive,Productive,Relax,Social,Sleep,,
Sleep,Sleep,Sleep,Sleep,Sleep,Sleep,Relax,EXERCISE,EXERCISE,Sleep,Productive,Work / Class,Productive,Productive,Productive,Work / Class,Productive,FAMILY,Social,Work / Class,Productive,Productive,Sleep,Sleep,,
Sleep,Sleep,Sleep,Sleep,Sleep,Sleep,Relax,EXERCISE,EXERCISE,Relax,Work / Class,Work / Class,Work / Class,Relax,Productive,Work / Class,Productive,Relax,Productive,Productive,Productive,Relax,Relax,Sleep,,
Sleep,Sleep,Sleep,Sleep,Sleep,Sleep,Relax,EXERCISE,EXERCISE,Relax,Work / Class,Productive,Productive,Relax,Productive,Productive,EXERCISE,Relax,Productive,Productive,Relax,Productive,Productive,Relax,,
Relax,Relax,Sleep,Sleep,Sleep,Sleep,Relax,EXERCISE,EXERCISE,Productive,Relax,Sleep,Relax,Productive,Productive,Relax,Relax,Work / Class,Work / Class,Work / Class,Work / Class,Social,Social,Social,,
Relax,Relax,Sleep,Sleep,Sleep,Sleep,Sleep,Sleep,Sleep,Sleep,Sleep,Sleep,Sleep,Sleep,Productive,Relax,Relax,Productive,Social,Social,Social,Social,Social,Social,,
Relax,Relax,Relax,Sleep,Sleep,Sleep,Sleep,Sleep,Sleep,Sleep,Sleep,Sleep,Sleep,Productive,Relax,Relax,Social,Relax,Social,Relax,Social,Social,Social,Romance,,
Sleep,Sleep,Sleep,Sleep,Productive,Sleep,Sleep,Sleep,Sleep,Relax,Relax,Relax,Productive,Development,Relax,Productive,Productive,EXERCISE,EXERCISE,Productive,Relax,Productive,Productive,Relax,,
Sleep,Sleep,Sleep,Sleep,Sleep,Sleep,Sleep,Productive,EXERCISE,EXERCISE,Relax,Sleep,Sleep,Sleep,Productive,exercise,Work / Class,Relax,Relax,Social,Social,Relax,Relax,Sleep,,
Sleep,Sleep,Sleep,Sleep,Sleep,Sleep,Sleep,Relax,Productive,Work / Class,Work / Class,Work / Class,Work / Class,Work / Class,Sleep,Relax,Productive,Productive,Productive,Productive,Development,Development,Relax,Relax,,
Sleep,Sleep,Sleep,Sleep,Sleep,Sleep,Sleep,Sleep,Sleep,Relax,Sleep,Sleep,Relax,Productive,EXERCISE,EXERCISE,Social,EXERCISE,Productive,Social,Work / Class,Work / Class,Work / Class,Sleep,,
Sleep,Sleep,Sleep,Sleep,Sleep,Sleep,Sleep,Sleep,Relax,Relax,EXERCISE,EXERCISE,Relax,Productive,Productive,Productive,Productive,Productive,Development,Development,Relax,Relax,Social,Social,,
Social,Social,Relax,Sleep,Sleep,Sleep,Sleep,Sleep,Sleep,Sleep,Productive,Productive,Productive,Productive,Relax,Productive,Relax,Relax,Relax,Social,Social,Social,Social,Social,,
Social,Relax,Relax,Relax,Sleep,Sleep,Sleep,Sleep,Sleep,Sleep,Sleep,Productive,Social,Relax,Productive,Productive,Productive,Productive,Productive,Productive,Relax,Relax,Sleep,Sleep,,
Sleep,Sleep,Sleep,Sleep,Sleep,Sleep,Sleep,Relax,Productive,Productive,Productive,Productive,Productive,Productive,Productive,Productive,Productive,Productive,Relax,Productive,Productive,Productive,Social,Productive,,
Productive,Relax,Sleep,Sleep,Sleep,Sleep,Sleep,Sleep,Productive,Productive,Productive,Productive,Productive,Productive,Productive,Productive,Productive,Relax,Social,Social,Social,Social,Social,Social,,
Social,Social,Relax,Sleep,Sleep,Sleep,Sleep,Sleep,Sleep,Productive,Productive,Productive,Social,Social,Social,Social,Relax,Productive,Productive,Relax,Relax,Relax,Relax,Sleep,,
Sleep,Sleep,Sleep,Sleep,Sleep,Sleep,Sleep,Sleep,EXERCISE,Productive,Relax,Relax,Productive,FAMILY,EXERCISE,EXERCISE,Relax,Relax,Social,Social,Social,Social,Social,Social,,
Relax,Relax,Sleep,Sleep,Sleep,Sleep,Sleep,Sleep,Sleep,EXERCISE,Productive,Relax,Sleep,Productive,EXERCISE,EXERCISE,Relax,Relax,Relax,Relax,Social,Social,Social,Relax,,
Sleep,Sleep,Sleep,Sleep,Sleep,Sleep,Sleep,Relax,Productive,Work / Class,Work / Class,Relax,Social,Relax,Sleep,Sleep,Relax,Relax,Social,Social,Social,Social,Social,Social,,
Relax,Relax,Relax,Sleep,Sleep,Sleep,Sleep,Sleep,Sleep,Sleep,Sleep,Relax,Relax,Productive,Productive,Productive,Productive,Productive,Productive,Productive,Productive,FAMILY,Relax,Sleep,,
Sleep,Sleep,Sleep,Sleep,Sleep,Sleep,Sleep,Relax,Productive,Work / Class,Work / Class,Work / Class,Relax,Productive,Relax,EXERCISE,Relax,Relax,Relax,Social,Social,Social,Social,Sleep,,
Sleep,Sleep,Sleep,Sleep,Sleep,Sleep,Sleep,EXERCISE,Productive,Work / Class,Work / Class,Work / Class,Relax,Relax,EXERCISE,EXERCISE,Social,Social,Social,Social,Social,Social,Social,Social,,
Relax,Sleep,Sleep,Sleep,Sleep,Sleep,Sleep,Relax,EXERCISE,EXERCISE,Productive,Relax,Relax,Relax,Development,Social,Development,Development,Productive,Social,Social,Social,Social,Social,,
Relax,Sleep,Sleep,Sleep,Sleep,Productive,Sleep,Sleep,Sleep,Sleep,Productive,Relax,Relax,Productive,EXERCISE,EXERCISE,Relax,Productive,Social,Social,Social,Social,Social,Relax,,
Sleep,Sleep,Sleep,Sleep,Sleep,Sleep,Sleep,Sleep,Sleep,Productive,EXERCISE,Relax,Productive,Productive,EXERCISE,EXERCISE,Relax,Social,Social,Productive,Productive,Productive,Social,Social,,
Sleep,Sleep,Sleep,Sleep,Sleep,Sleep,Sleep,Sleep,Sleep,Productive,Productive,Productive,Development,Productive,Productive,Productive,Productive,Productive,Relax,Relax,Productive,Productive,Social,Social,,
Social,Sleep,Sleep,Sleep,Sleep,Sleep,Sleep,Sleep,Relax,Relax,Relax,Relax,Social,Productive,Productive,Social,Social,Social,Social,Sleep,Productive,Productive,Relax,Relax,,
Sleep,Sleep,Sleep,Sleep,Sleep,Sleep,Sleep,Sleep,Sleep,Relax,Social,Productive,Productive,Productive,EXERCISE,Productive,Relax,Relax,Social,Social,Social,Social,Social,Relax,,
Sleep,Sleep,Sleep,Sleep,Sleep,Sleep,Sleep,Relax,Productive,Work / Class,Work / Class,Work / Class,Work / Class,Relax,EXERCISE,EXERCISE,Work / Class,Relax,Social,Social,Social,Social,Social,FAMILY,,
Development,Development,Development,Development,Development,Sleep,Sleep,Development,Development,FAMILY,Development,Development,Development,Sleep,FAMILY,Development,Relax,Sleep,Sleep,Sleep,Social,Social,Social,Relax,,
Sleep,Sleep,Sleep,Sleep,Sleep,Sleep,EXERCISE,EXERCISE,Work / Class,Work / Class,Work / Class,Work / Class,Work / Class,Work / Class,Productive,Work / Class,Work / Class,Work / Class,Work / Class,Work / Class,Work / Class,Work / Class,Work / Class,Work / Class,,
Work / Class,Work / Class,Relax,Social,Social,Social,Sleep,Work / Class,Work / Class,Work / Class,Work / Class,Work / Class,Work / Class,Work / Class,Sleep,Sleep,Work / Class,Work / Class,Work / Class,Work / Class,Work / Class,Work / Class,Work / Class,Work / Class,,
Social,Social,Social,Social,Sleep,Sleep,Sleep,Productive,Work / Class,Work / Class,Work / Class,Sleep,Work / Class,Work / Class,Work / Class,Productive,Relax,Work / Class,Work / Class,Work / Class,Work / Class,Work / Class,Work / Class,Work / Class,,
Work / Class,Work / Class,Work / Class,Social,Social,Sleep,Sleep,Sleep,Productive,Productive,Productive,Productive,Productive,Sleep,Sleep,Relax,Relax,Relax,Relax,Relax,Productive,Productive,Sleep,Sleep,,
Social,Social,Sleep,Sleep,Sleep,Sleep,Sleep,Sleep,Sleep,Social,Productive,Productive,Relax,Productive,Work / Class,Work / Class,Productive,Relax,Relax,Relax,Social,Social,Sleep,Sleep,,
Sleep,Sleep,Sleep,Sleep,Sleep,Sleep,Relax,EXERCISE,EXERCISE,Relax,Work / Class,Work / Class,Work / Class,Work / Class,WASTED,Relax,Relax,Sleep,Sleep,Sleep,Social,Social,Social,Sleep,,
Sleep,Sleep,Sleep,Sleep,Sleep,Sleep,Relax,EXERCISE,EXERCISE,Productive,Work / Class,Work / Class,Work / Class,Work / Class,EXERCISE,EXERCISE,EXERCISE,Relax,Sleep,Sleep,Relax,Social,Sleep,Sleep,,
Sleep,Sleep,Sleep,Sleep,Sleep,Sleep,Relax,EXERCISE,EXERCISE,Productive,Work / Class,Work / Class,Work / Class,Work / Class,Work / Class,Work / Class,Productive,Relax,Relax,Productive,Productive,Productive,Sleep,Sleep,,
Sleep,Sleep,Sleep,Sleep,Sleep,Sleep,Relax,EXERCISE,EXERCISE,Work / Class,Work / Class,Work / Class,Productive,Productive,Productive,Relax,Relax,Relax,Productive,Productive,Social,Social,Relax,Sleep,,
Sleep,Sleep,Sleep,Sleep,Sleep,Sleep,Relax,EXERCISE,EXERCISE,Relax,Relax,Productive,Productive,Productive,Productive,Relax,Relax,Relax,Social,Social,Relax,Relax,Relax,Sleep,,
Sleep,Sleep,Sleep,Sleep,Sleep,wasted,Sleep,Sleep,Sleep,Sleep,Relax,Relax,Productive,Productive,Productive,Development,Development,Productive,Relax,Relax,Relax,Relax,Relax,Sleep,,
Sleep,Sleep,Sleep,Sleep,Sleep,wasted,Sleep,EXERCISE,EXERCISE,Productive,Work / Class,Work / Class,Work / Class,Work / Class,EXERCISE,EXERCISE,EXERCISE,Relax,Relax,Social,Relax,Relax,Sleep,Sleep,,
Sleep,Sleep,Sleep,Sleep,Sleep,Sleep,Sleep,EXERCISE,EXERCISE,EXERCISE,Work / Class,Work / Class,Work / Class,Sleep,Sleep,Relax,Productive,Development,Development,Productive,Development,Development,Sleep,Sleep,,
Sleep,Sleep,Sleep,Sleep,Sleep,Sleep,Sleep,EXERCISE,EXERCISE,Relax,Work / Class,Work / Class,Work / Class,Sleep,Relax,Relax,Development,Development,Work / Class,Work / Class,Work / Class,Work / Class,Sleep,Sleep,,
Sleep,Sleep,Sleep,Sleep,Sleep,Sleep,Sleep,EXERCISE,EXERCISE,Relax,Work / Class,Work / Class,Work / Class,Work / Class,Productive,Productive,Relax,Work / Class,Work / Class,Work / Class,Work / Class,Relax,Sleep,Sleep,,
Sleep,Sleep,Sleep,Sleep,Sleep,Sleep,Sleep,EXERCISE,EXERCISE,EXERCISE,Productive,Work / Class,Work / Class,Work / Class,Relax,Productive,Productive,Productive,Work / Class,Work / Class,Social,Social,Sleep,Sleep,,
Sleep,Sleep,Sleep,Sleep,Sleep,Sleep,Sleep,EXERCISE,EXERCISE,EXERCISE,Relax,Sleep,Sleep,Relax,Relax,Work / Class,Work / Class,Work / Class,Relax,Relax,Relax,Relax,Relax,Relax,,
Sleep,Sleep,Sleep,Sleep,Sleep,Sleep,Sleep,Relax,Relax,Sleep,EXERCISE,Productive,Productive,Work / Class,Work / Class,Work / Class,Work / Class,Work / Class,Work / Class,Relax,Relax,Relax,Relax,Sleep,,
Sleep,Sleep,Sleep,Sleep,Sleep,Sleep,Sleep,EXERCISE,EXERCISE,Productive,Productive,Work / Class,Work / Class,Work / Class,Work / Class,Work / Class,Relax,Productive,Relax,Relax,Relax,Relax,Sleep,Sleep,,
Sleep,Sleep,Sleep,Sleep,Sleep,Sleep,Sleep,EXERCISE,EXERCISE,Productive,Work / Class,Work / Class,Work / Class,Work / Class,Productive,Sleep,Productive,Productive,Productive,Relax,Relax,Relax,Sleep,Sleep,,
Sleep,Sleep,Sleep,Sleep,Sleep,Sleep,Sleep,EXERCISE,EXERCISE,Productive,Work / Class,Work / Class,Work / Class,Work / Class,EXERCISE,EXERCISE,EXERCISE,Productive,Productive,Relax,Relax,Relax,Sleep,Sleep,,
Sleep,Sleep,Sleep,Sleep,Sleep,Sleep,Sleep,EXERCISE,EXERCISE,EXERCISE,Productive,Productive,Relax,Social,Social,Relax,Relax,Relax,Relax,Relax,Relax,Relax,Sleep,Sleep,,
Sleep,Sleep,Sleep,Sleep,Sleep,Sleep,Sleep,EXERCISE,EXERCISE,Productive,Relax,Work / Class,Work / Class,Work / Class,EXERCISE,EXERCISE,EXERCISE,Relax,Relax,Relax,Relax,Relax,Sleep,Sleep,,
Sleep,Sleep,Sleep,Sleep,Sleep,Sleep,Sleep,EXERCISE,EXERCISE,EXERCISE,Relax,Relax,Productive,Sleep,Relax,Relax,Relax,Relax,Relax,Relax,Relax,Relax,Relax,Relax,,
Sleep,Sleep,Sleep,Sleep,Sleep,Sleep,Sleep,Relax,EXERCISE,Productive,Productive,Relax,Relax,Relax,Social,Social,Social,Productive,FAMILY,FAMILY,Relax,Relax,Relax,Sleep,,
Sleep,Sleep,Sleep,Sleep,Sleep,Sleep,Sleep,EXERCISE,EXERCISE,Productive,Productive,Productive,Work / Class,Work / Class,Work / Class,Work / Class,Relax,Relax,Relax,Relax,Relax,Relax,Sleep,Sleep,,
Sleep,Sleep,Sleep,Sleep,Sleep,Sleep,Sleep,EXERCISE,EXERCISE,EXERCISE,Work / Class,Work / Class,Work / Class,Work / Class,Productive,Sleep,Sleep,Productive,Productive,Social,Relax,Relax,Sleep,Sleep,,
Sleep,Sleep,Sleep,Sleep,Sleep,Sleep,Sleep,EXERCISE,EXERCISE,Productive,Relax,Productive,Work / Class,Work / Class,EXERCISE,EXERCISE,EXERCISE,Productive,Relax,Relax,Relax,Relax,Sleep,Sleep,,
Sleep,Sleep,Sleep,Sleep,Sleep,Sleep,Sleep,EXERCISE,EXERCISE,EXERCISE,Productive,Work / Class,Work / Class,Work / Class,Work / Class,Work / Class,Work / Class,Productive,Relax,Relax,Relax,Relax,Sleep,Sleep,,
Sleep,Sleep,Sleep,Sleep,Sleep,Sleep,Sleep,EXERCISE,EXERCISE,EXERCISE,Productive,Work / Class,Work / Class,Work / Class,Work / Class,Productive,Productive,Relax,Relax,Relax,Relax,Relax,Sleep,Sleep,,
Sleep,Sleep,Sleep,Sleep,Sleep,Sleep,Sleep,EXERCISE,EXERCISE,productive,relax,sleep,relax,relax,social,productive,productive,social,social,work / class,relax,relax,relax,relax,,
Sleep,Sleep,Sleep,Sleep,Sleep,Sleep,Sleep,Sleep,relax,relax,relax,relax,productive,exercise,social,social,social,Work / Class,Work / Class,Work / Class,Work / Class,Work / Class,sleep,sleep,,
Sleep,Sleep,Sleep,Sleep,Sleep,Sleep,Sleep,EXERCISE,EXERCISE,productive,productive,RELAX,RELAX,PRODUCTIVE,PRODUCTIVE,SOCIAL,RELAX,PRODUCTIVE,SOCIAL,RELAX,RELAX,RELAX,SLEEP,SLEEP,,
Sleep,Sleep,Sleep,Sleep,Sleep,Sleep,Sleep,EXERCISE,EXERCISE,EXERCISE,RELAX,SOCIAL,SOCIAL,SOCIAL,RELAX,RELAX,SOCIAL,RELAX,RELAX,RELAX,RELAX,RELAX,SLEEP,SLEEP,,
Sleep,Sleep,Sleep,Sleep,Sleep,Sleep,Sleep,EXERCISE,EXERCISE,PRODUCTIVE,Work / Class,Work / Class,Work / Class,Work / Class,PRODUCTIVE,PRODUCTIVE,RELAX,PRODUCTIVE,PRODUCTIVE,RELAX,RELAX,RELAX,SLEEP,SLEEP,,
Sleep,Sleep,Sleep,Sleep,Sleep,Sleep,Sleep,RELAX,EXERCISE,PRODUCTIVE,PRODUCTIVE,RELAX,RELAX,SOCIAL,SLEEP,RELAX,EXERCISE,PRODUCTIVE,RELAX,EXERCISE,RELAX,SLEEP,SLEEP,SLEEP,,
SLEEP,SLEEP,SLEEP,SLEEP,SLEEP,SLEEP,PRODUCTIVE,PRODUCTIVE,EXERCISE,EXERCISE,EXERCISE,SOCIAL,RELAX,SLEEP,RELAX,SOCIAL,EXERCISE,RELAX,RELAX,RELAX,SOCIAL,RELAX,SLEEP,SLEEP,,
SLEEP,SLEEP,SLEEP,SLEEP,SLEEP,SLEEP,PRODUCTIVE,PRODUCTIVE,EXERCISE,PRODUCTIVE,PRODUCTIVE,EXERCISE,RELAX,RELAX,EXERCISE,RELAX,EXERCISE,PRODUCTIVE,EXERCISE,RELAX,SOCIAL,RELAX,SLEEP,SLEEP,,
SLEEP,SLEEP,SLEEP,SLEEP,SLEEP,SLEEP,PRODUCTIVE,PRODUCTIVE,EXERCISE,EXERCISE,EXERCISE,PRODUCTIVE,RELAX,RELAX,RELAX,EXERCISE,EXERCISE,EXERCISE,PRODUCTIVE,SOCIAL,SOCIAL,SOCIAL,SOCIAL,RELAX,,
RELAX,SLEEP,SLEEP,SLEEP,SLEEP,SLEEP,SLEEP,SLEEP,PRODUCTIVE,PRODUCTIVE,PRODUCTIVE,WORK / CLASS,WORK / CLASS,WORK / CLASS,PRODUCTIVE,EXERCISE,RELAX,RELAX,RELAX,RELAX,RELAX,RELAX,SLEEP,SLEEP,,
SLEEP,SLEEP,SLEEP,SLEEP,SLEEP,SLEEP,SLEEP,EXERCISE,EXERCISE,PRODUCTIVE,PRODUCTIVE,WORK / CLASS,WORK / CLASS,RELAX,SLEEP,PRODUCTIVE,PRODUCTIVE,PRODUCTIVE,RELAX,RELAX,RELAX,SLEEP,SLEEP,SLEEP,,
SLEEP,SLEEP,SLEEP,SLEEP,SLEEP,SLEEP,SLEEP,EXERCISE,EXERCISE,PRODUCTIVE,PRODUCTIVE,PRODUCTIVE,WORK / CLASS,WORK / CLASS,WORK / CLASS,WORK / CLASS,RELAX,RELAX,RELAX,RELAX,RELAX,RELAX,SLEEP,SLEEP,,
SLEEP,SLEEP,SLEEP,SLEEP,SLEEP,SLEEP,SLEEP,EXERCISE,EXERCISE,PRODUCTIVE,WORK / CLASS,WORK / CLASS,WORK / CLASS,WORK / CLASS,WORK / CLASS,WORK / CLASS,SOCIAL,SOCIAL,RELAX,DEVELOPMENT,DEVELOPMENT,DEVELOPMENT,SLEEP,SLEEP,,
SLEEP,SLEEP,SLEEP,SLEEP,SLEEP,SLEEP,SLEEP,EXERCISE,EXERCISE,PRODUCTIVE,WORK / CLASS,WORK / CLASS,WORK / CLASS,WORK / CLASS,WORK / CLASS,PRODUCTIVE,PRODUCTIVE,RELAX,RELAX,DEVELOPMENT,DEVELOPMENT,DEVELOPMENT,SLEEP,SLEEP,,
SLEEP,SLEEP,SLEEP,SLEEP,SLEEP,SLEEP,SLEEP,EXERCISE,EXERCISE,PRODUCTIVE,RELAX,RELAX,PRODUCTIVE,PRODUCTIVE,RELAX,RELAX,PRODUCTIVE,RELAX,RELAX,RELAX,RELAX,RELAX,RELAX,SLEEP,,
SLEEP,SLEEP,SLEEP,SLEEP,SLEEP,SLEEP,SLEEP,SLEEP,RELAX,RELAX,RELAX,PRODUCTIVE,RELAX,RELAX,RELAX,RELAX,RELAX,SOCIAL,SOCIAL,RELAX,RELAX,RELAX,SLEEP,SLEEP,,
SLEEP,SLEEP,SLEEP,SLEEP,SLEEP,SLEEP,SLEEP,EXERCISE,EXERCISE,PRODUCTIVE,PRODUCTIVE,DEVELOPMENT,DEVELOPMENT,DEVELOPMENT,PRODUCTIVE,EXERCISE,PRODUCTIVE,DEVELOPMENT,DEVELOPMENT,RELAX,SOCIAL,SOCIAL,SOCIAL,SLEEP,,
SLEEP,SLEEP,SLEEP,SLEEP,SLEEP,SLEEP,SLEEP,EXERCISE,EXERCISE,PRODUCTIVE,PRODUCTIVE,WORK / CLASS,WORK / CLASS,SLEEP,RELAX,PRODUCTIVE,PRODUCTIVE,RELAX,RELAX,RELAX,RELAX,RELAX,SLEEP,SLEEP,,
SLEEP,SLEEP,SLEEP,SLEEP,SLEEP,SLEEP,SLEEP,EXERCISE,PRODUCTIVE,PRODUCTIVE,PRODUCTIVE,WORK / CLASS,WORK / CLASS,PRODUCTIVE,PRODUCTIVE,DEVELOPMENT,PRODUCTIVE,WORK / CLASS,PRODUCTIVE,RELAX,RELAX,RELAX,SLEEP,SLEEP,,
SLEEP,SLEEP,SLEEP,SLEEP,SLEEP,SLEEP,SLEEP,RELAX,PRODUCTIVE,WORK / CLASS,WORK / CLASS,WORK / CLASS,WORK / CLASS,WORK / CLASS,WORK / CLASS,FAMILY,FAMILY,FAMILY,FAMILY,FAMILY,PRODUCTIVE,PRODUCTIVE,SLEEP,SLEEP,,
SLEEP,SLEEP,SLEEP,SLEEP,SLEEP,SLEEP,PRODUCTIVE,EXERCISE,RELAX,EXERCISE,RELAX,PRODUCTIVE,FAMILY,SLEEP,SLEEP,PRODUCTIVE,EXERCISE,EXERCISE,EXERCISE,productive,EXERCISE,family,relax,sleep,,
SLEEP,wasted,SLEEP,SLEEP,SLEEP,SLEEP,PRODUCTIVE,exercise,exercise,relax,family,family,exercise,exercise,family,family,exercise,exercise,relax,social,exercise,family,sleep,sleep,,
sleep,sleep,sleep,sleep,sleep,sleep,productive,exercise,productive,exercise,productive,relax,family,FAMILY,FAMILY,SOCIAL,EXERCISE,EXERCISE,EXERCISE,SOCIAL,SLEEP,SOCIAL,SOCIAL,RELAX,,
SLEEP,SLEEP,SLEEP,SLEEP,SLEEP,SLEEP,SLEEP,RELAX,PRODUCTIVE,PRODUCTIVE,PRODUCTIVE,WORK / CLASS,WORK / CLASS,PRODUCTIVE,PRODUCTIVE,PRODUCTIVE,PRODUCTIVE,PRODUCTIVE,RELAX,RELAX,RELAX,RELAX,SLEEP,SLEEP,,
SLEEP,SLEEP,SLEEP,SLEEP,SLEEP,SLEEP,SLEEP,RELAX,PRODUCTIVE,PRODUCTIVE,EXERCISE,EXERCISE,RELAX,RELAX,PRODUCTIVE,SLEEP,PRODUCTIVE,PRODUCTIVE,PRODUCTIVE,RELAX,RELAX,RELAX,RELAX,SLEEP,,
SLEEP,SLEEP,SLEEP,SLEEP,SLEEP,SLEEP,SLEEP,EXERCISE,EXERCISE,PRODUCTIVE,PRODUCTIVE,PRODUCTIVE,RELAX,RELAX,work / class,work / class,work / class,work / class,work / class,exercise,social,work / class,social,social,,
social,sleep,sleep,sleep,sleep,sleep,sleep,RELAX,PRODUCTIVE,PRODUCTIVE,exercise,productive,relax,social,social,sleep,productive,productive,productive,romance,romance,romance,romance,relax,,
SLEEP,SLEEP,SLEEP,SLEEP,SLEEP,SLEEP,SLEEP,EXERCISE,EXERCISE,RELAX,RELAX,SLEEP,RELAX,RELAX,RELAX,RELAX,RELAX,RELAX,RELAX,RELAX,RELAX,SOCIAL,SOCIAL,SOCIAL,,
SOCIAL,SOCIAL,SOCIAL,SLEEP,SLEEP,SLEEP,SLEEP,SLEEP,PRODUCTIVE,SOCIAL,SOCIAL,SLEEP,SLEEP,RELAX,RELAX,RELAX,RELAX,RELAX,RELAX,SLEEP,SLEEP,SLEEP,SLEEP,SLEEP,,
SLEEP,SLEEP,SLEEP,SLEEP,SLEEP,SLEEP,SLEEP,RELAX,PRODUCTIVE,EXERCISE,EXERCISE,RELAX,RELAX,PRODUCTIVE,PRODUCTIVE,EXERCISE,EXERCISE,PRODUCTIVE,RELAX,RELAX,RELAX,RELAX,SLEEP,SLEEP,,
SLEEP,SLEEP,SLEEP,SLEEP,SLEEP,SLEEP,SLEEP,SLEEP,PRODUCTIVE,RELAX,PRODUCTIVE,PRODUCTIVE,PRODUCTIVE,PRODUCTIVE,PRODUCTIVE,RELAX,RELAX,RELAX,RELAX,RELAX,RELAX,RELAX,SLEEP,SLEEP,,
SLEEP,SLEEP,SLEEP,SLEEP,WASTED,SLEEP,SLEEP,RELAX,PRODUCTIVE,PRODUCTIVE,PRODUCTIVE,EXERCISE,EXERCISE,PRODUCTIVE,RELAX,WORK / CLASS,WORK / CLASS,WORK / CLASS,WORK / CLASS,PRODUCTIVE,RELAX,SOCIAL,RELAX,SLEEP,,
SLEEP,SLEEP,SLEEP,SLEEP,SLEEP,SLEEP,SLEEP,RELAX,RELAX,PRODUCTIVE,WORK / CLASS,EXERCISE,EXERCISE,PRODUCTIVE,RELAX,PRODUCTIVE,PRODUCTIVE,PRODUCTIVE,RELAX,RELAX,RELAX,RELAX,SLEEP,SLEEP,,
SLEEP,SLEEP,SLEEP,SLEEP,SLEEP,SLEEP,RELAX,PRODUCTIVE,RELAX,PRODUCTIVE,PRODUCTIVE,PRODUCTIVE,SOCIAL,SOCIAL,SOCIAL,RELAX,PRODUCTIVE,PRODUCTIVE,RELAX,PRODUCTIVE,SOCIAL,SOCIAL,SLEEP,SLEEP,,
SLEEP,SLEEP,SLEEP,SLEEP,SLEEP,SLEEP,SLEEP,SLEEP,PRODUCTIVE,RELAX,RELAX,PRODUCTIVE,PRODUCTIVE,WORK / CLASS,WORK / CLASS,RELAX,PRODUCTIVE,PRODUCTIVE,RELAX,RELAX,RELAX,RELAX,SLEEP,SLEEP,,
SLEEP,SLEEP,SLEEP,SLEEP,SLEEP,SLEEP,SLEEP,RELAX,PRODUCTIVE,RELAX,PRODUCTIVE,EXERCISE,PRODUCTIVE,PRODUCTIVE,PRODUCTIVE,PRODUCTIVE,RELAX,RELAX,RELAX,SOCIAL,SOCIAL,SOCIAL,SOCIAL,SOCIAL,,
SOCIAL,SOCIAL,ROMANCE,ROMANCE,ROMANCE,SLEEP,SLEEP,SLEEP,RELAX,RELAX,PRODUCTIVE,EXERCISE,PRODUCTIVE,SLEEP,SLEEP,SLEEP,SLEEP,SOCIAL,SOCIAL,SOCIAL,RELAX,RELAX,WASTED,SLEEP,,
SLEEP,SLEEP,SLEEP,SLEEP,SLEEP,SLEEP,SLEEP,SLEEP,PRODUCTIVE,PRODUCTIVE,PRODUCTIVE,WORK / CLASS,WORK / CLASS,WORK / CLASS,WORK / CLASS,WORK / CLASS,PRODUCTIVE,EXERCISE,EXERCISE,PRODUCTIVE,RELAX,RELAX,RELAX,SLEEP,,
SLEEP,SLEEP,SLEEP,SLEEP,SLEEP,SLEEP,SLEEP,PRODUCTIVE,EXERCISE,EXERCISE,PRODUCTIVE,WORK / CLASS,WORK / CLASS,WORK / CLASS,RELAX,RELAX,RELAX,RELAX,SOCIAL,SOCIAL,RELAX,RELAX,RELAX,RELAX,,
SLEEP,SLEEP,SLEEP,SLEEP,SLEEP,SLEEP,SLEEP,PRODUCTIVE,EXERCISE,EXERCISE,SOCIAL,PRODUCTIVE,PRODUCTIVE,PRODUCTIVE,RELAX,EXERCISE,PRODUCTIVE,RELAX,RELAX,RELAX,SOCIAL,RELAX,SLEEP,SLEEP,,
SLEEP,SLEEP,SLEEP,SLEEP,SLEEP,SLEEP,SLEEP,PRODUCTIVE,EXERCISE,EXERCISE,SOCIAL,PRODUCTIVE,WORK / CLASS,WORK / CLASS,WORK / CLASS,SOCIAL,RELAX,EXERCISE,RELAX,RELAX,RELAX,RELAX,SLEEP,SLEEP,,
SLEEP,SLEEP,SLEEP,SLEEP,SLEEP,WASTED,SLEEP,PRODUCTIVE,EXERCISE,EXERCISE,RELAX,PRODUCTIVE,WORK / CLASS,WORK / CLASS,WORK / CLASS,EXERCISE,EXERCISE,PRODUCTIVE,SOCIAL,SOCIAL,RELAX,RELAX,RELAX,SLEEP,,
SLEEP,SLEEP,SLEEP,SLEEP,SLEEP,SLEEP,PRODUCTIVE,EXERCISE,EXERCISE,RELAX,PRODUCTIVE,PRODUCTIVE,WORK / CLASS,WORK / CLASS,PRODUCTIVE,,PRODUCTIVE,RELAX,RELAX,RELAX,RELAX,RELAX,FAMILY,SLEEP,,
SLEEP,SLEEP,SLEEP,SLEEP,SLEEP,SLEEP,EXERCISE,PRODUCTIVE,RELAX,FAMILY,FAMILY,family,FAMILY,exercise,family,family,family,family,relax,family,relax,social,relax,sleep,,
SLEEP,SLEEP,SLEEP,SLEEP,SLEEP,SLEEP,EXERCISE,productive,productive,relax,relax,sleep,family,family,family,productive,relax,productive,productive,exercise,exercise,productive,relax,sleep,,
SLEEP,SLEEP,SLEEP,SLEEP,SLEEP,SLEEP,EXERCISE,exercise,productive,WORK / CLASS,WORK / CLASS,WORK / CLASS,WORK / CLASS,WORK / CLASS,WORK / CLASS,WORK / CLASS,WORK / CLASS,relax,productive,family,family,family,relax,sleep,,
SLEEP,SLEEP,SLEEP,SLEEP,SLEEP,SLEEP,EXERCISE,exercise,productive,relax,sleep,sleep,productive,exercise,family,productive,WORK / CLASS,WORK / CLASS,WORK / CLASS,WORK / CLASS,relax,relax,sleep,sleep,,
SLEEP,SLEEP,SLEEP,SLEEP,SLEEP,SLEEP,SLEEP,RELAX,PRODUCTIVE,PRODUCTIVE,PRODUCTIVE,PRODUCTIVE,PRODUCTIVE,PRODUCTIVE,RELAX,RELAX,WORK / CLASS,WORK / CLASS,WORK / CLASS,WORK / CLASS,RELAX,RELAX,RELAX,SLEEP,,
SLEEP,SLEEP,SLEEP,SLEEP,SLEEP,EXERCISE,EXERCISE,PRODUCTIVE,PRODUCTIVE,RELAX,EXERCISE,EXERCISE,SLEEP,RELAX,RELAX,FAMILY,WORK / CLASS,WORK / CLASS,RELAX,EXERCISE,RELAX,RELAX,RELAX,SLEEP,,
SLEEP,SLEEP,SLEEP,SLEEP,SLEEP,SLEEP,SLEEP,RELAX,RELAX,RELAX,RELAX,RELAX,RELAX,RELAX,RELAX,FAMILY,FAMILY,RELAX,RELAX,RELAX,FAMILY,FAMILY,RELAX,SLEEP,,
SLEEP,SLEEP,SLEEP,SLEEP,SLEEP,SLEEP,SLEEP,RELAX,RELAX,PRODUCTIVE,EXERCISE,EXERCISE,PRODUCTIVE,RELAX,RELAX,RELAX,RELAX,RELAX,FAMILY,FAMILY,SOCIAL,SOCIAL,SOCIAL,RELAX,,
SLEEP,SLEEP,SLEEP,SLEEP,SLEEP,SLEEP,SLEEP,SLEEP,RELAX,RELAX,RELAX,DEVELOPMENT,FAMILY,FAMILY,FAMILY,PRODUCTIVE,PRODUCTIVE,RELAX,SOCIAL,SOCIAL,SOCIAL,SOCIAL,RELAX,SLEEP,,
SLEEP,SLEEP,SLEEP,SLEEP,SLEEP,SLEEP,SLEEP,PRODUCTIVE,exercise,relax,productive,WORK / CLASS,WORK / CLASS,WORK / CLASS,WORK / CLASS,WORK / CLASS,WORK / CLASS,relax,sleep,sleep,sleep,relax,relax,sleep,,
SLEEP,SLEEP,SLEEP,SLEEP,SLEEP,SLEEP,SLEEP,PRODUCTIVE,PRODUCTIVE,RELAX,RELAX,WORK / CLASS,WORK / CLASS,WORK / CLASS,WORK / CLASS,WORK / CLASS,WORK / CLASS,WORK / CLASS,WORK / CLASS,WORK / CLASS,RELAX,RELAX,SLEEP,SLEEP,,
SLEEP,SLEEP,SLEEP,SLEEP,SLEEP,SLEEP,RELAX,RELAX,PRODUCTIVE,PRODUCTIVE,WORK / CLASS,WORK / CLASS,PRODUCTIVE,WORK / CLASS,WORK / CLASS,WORK / CLASS,WORK / CLASS,WORK / CLASS,PRODUCTIVE,RELAX,RELAX,RELAX,SOCIAL,SOCIAL,,
SLEEP,SLEEP,SLEEP,SLEEP,SLEEP,SLEEP,SLEEP,SLEEP,SLEEP,RELAX,EXERCISE,EXERCISE,EXERCISE,PRODUCTIVE,PRODUCTIVE,RELAX,FAMILY,FAMILY,FAMILY,RELAX,RELAX,RELAX,SOCIAL,SOCIAL,,
SOCIAL,RELAX,SLEEP,SLEEP,SLEEP,SLEEP,SLEEP,SLEEP,SLEEP,SLEEP,SLEEP,SOCIAL,SOCIAL,RELAX,RELAX,RELAX,EXERCISE,EXERCISE,RELAX,FAMILY,FAMILY,FAMILY,SLEEP,SLEEP,,
SLEEP,SLEEP,SLEEP,SLEEP,SLEEP,SLEEP,EXERCISE,PRODUCTIVE,PRODUCTIVE,FAMILY,FAMILY,,PRODUCTIVE,PRODUCTIVE,FAMILY,PRODUCTIVE,PRODUCTIVE,FAMILY,PRODUCTIVE,RELAX,RELAX,RELAX,SLEEP,SLEEP,,
SLEEP,SLEEP,SLEEP,SLEEP,SLEEP,SLEEP,PRODUCTIVE,PRODUCTIVE,PRODUCTIVE,RELAX,SOCIAL,SOCIAL,ROMANCE,ROMANCE,ROMANCE,ROMANCE,SOCIAL,SOCIAL,RELAX,RELAX,RELAX,RELAX,RELAX,SLEEP,,
SLEEP,SLEEP,SLEEP,SLEEP,SLEEP,SLEEP,FAMILY,FAMILY,PRODUCTIVE,PRODUCTIVE,SOCIAL,PRODUCTIVE,PRODUCTIVE,PRODUCTIVE,ROMANCE,PRODUCTIVE,PRODUCTIVE,SOCIAL,SOCIAL,RELAX,SOCIAL,SOCIAL,ROMANCE,ROMANCE,,
SLEEP,SLEEP,SLEEP,SLEEP,SLEEP,SLEEP,EXERCISE,EXERCISE,PRODUCTIVE,PRODUCTIVE,WORK / CLASS,WORK / CLASS,RELAX,SOCIAL,WORK / CLASS,WORK / CLASS,WORK / CLASS,WORK / CLASS,RELAX,SOCIAL,SOCIAL,SOCIAL,ROMANCE,SLEEP,,
SLEEP,SLEEP,SLEEP,SLEEP,SLEEP,SLEEP,EXERCISE,PRODUCTIVE,PRODUCTIVE,RELAX,WORK / CLASS,WORK / CLASS,RELAX,WORK / CLASS,WORK / CLASS,WORK / CLASS,WORK / CLASS,PRODUCTIVE,EXERCISE,SOCIAL,SOCIAL,ROMANCE,ROMANCE,SLEEP,,
SLEEP,SLEEP,SLEEP,SLEEP,SLEEP,SLEEP,EXERCISE,EXERCISE,PRODUCTIVE,SOCIAL,WORK / CLASS,WORK / CLASS,PRODUCTIVE,WORK / CLASS,RELAX,SLEEP,SLEEP,SLEEP,PRODUCTIVE,PRODUCTIVE,PRODUCTIVE,RELAX,RELAX,SLEEP,,
SLEEP,SLEEP,SLEEP,SLEEP,SLEEP,SLEEP,SLEEP,PRODUCTIVE,PRODUCTIVE,WORK / CLASS,WORK / CLASS,WORK / CLASS,WORK / CLASS,WORK / CLASS,RELAX,PRODUCTIVE,SOCIAL,SOCIAL,SOCIAL,PRODUCTIVE,WORK / CLASS,WORK / CLASS,PRODUCTIVE,ROMANCE,,
SLEEP,SLEEP,SLEEP,SLEEP,SLEEP,SLEEP,SLEEP,ROMANCE,PRODUCTIVE,SOCIAL,WORK / CLASS,WORK / CLASS,SOCIAL,PRODUCTIVE,PRODUCTIVE,PRODUCTIVE,EXERCISE,SOCIAL,ROMANCE,ROMANCE,PRODUCTIVE,RELAX,SOCIAL,ROMANCE,,
RELAX,SLEEP,SLEEP,SLEEP,SLEEP,SLEEP,SLEEP,SLEEP,SLEEP,PRODUCTIVE,RELAX,EXERCISE,PRODUCTIVE,RELAX,RELAX,ROMANCE,SOCIAL,RELAX,RELAX,RELAX,RELAX,RELAX,ROMANCE,SLEEP,,
SLEEP,SLEEP,SLEEP,SLEEP,SLEEP,SLEEP,productive,exercise,productive,work / class,work / class,work / class,Relax,WORK / CLASS,WORK / CLASS,WORK / CLASS,WORK / CLASS,SOCIAL,SOCIAL,SOCIAL,RELAX,SOCIAL,SOCIAL,SOCIAL,,
SOCIAL,SOCIAL,SLEEP,SLEEP,SLEEP,SLEEP,SLEEP,SLEEP,SLEEP,PRODUCTIVE,WORK / CLASS,WORK / CLASS,exercise,productive,WORK / CLASS,WORK / CLASS,WORK / CLASS,work / class,relax,RELAX,relax,romance,sleep,sleep,,
SLEEP,SLEEP,SLEEP,SLEEP,SLEEP,SLEEP,productive,exercise,productive,work / class,work / class,work / class,work / class,productive,WORK / CLASS,WORK / CLASS,PRODUCTIVE,EXERCISE,PRODUCTIVE,SOCIAL,SOCIAL,SOCIAL,SOCIAL,SOCIAL,,
SLEEP,SLEEP,SLEEP,SLEEP,SLEEP,SLEEP,RELAX,EXERCISE,PRODUCTIVE,WORK / CLASS,WORK / CLASS,WORK / CLASS,WORK / CLASS,PRODUCTIVE,RELAX,RELAX,SOCIAL,SOCIAL,SOCIAL,SOCIAL,SOCIAL,ROMANCE,ROMANCE,SLEEP,,
SLEEP,SLEEP,SLEEP,SLEEP,SLEEP,SLEEP,SLEEP,RELAX,EXERCISE,PRODUCTIVE,WORK / CLASS,WORK / CLASS,WORK / CLASS,RELAX,PRODUCTIVE,WORK / CLASS,PRODUCTIVE,SOCIAL,RELAX,SOCIAL,SOCIAL,SOCIAL,SOCIAL,SOCIAL,,
SOCIAL,SOCIAL,SLEEP,SLEEP,SLEEP,SLEEP,SLEEP,PRODUCTIVE,SLEEP,SLEEP,PRODUCTIVE,RELAX,PRODUCTIVE,PRODUCTIVE,WORK / CLASS,RELAX,SOCIAL,RELAX,SOCIAL,WORK / CLASS,WORK / CLASS,SOCIAL,WORK / CLASS,WORK / CLASS,,
WORK / CLASS,WORK / CLASS,WORK / CLASS,SOCIAL,SLEEP,SLEEP,SLEEP,SLEEP,SLEEP,SLEEP,PRODUCTIVE,PRODUCTIVE,WORK / CLASS,RELAX,SLEEP,WORK / CLASS,EXERCISE,EXERCISE,RELAX,RELAX,SOCIAL,SOCIAL,SOCIAL,SOCIAL,,
ROMANCE,SLEEP,SLEEP,SLEEP,SLEEP,SLEEP,PRODUCTIVE,EXERCISE,EXERCISE,RELAX,SLEEP,SLEEP,SLEEP,PRODUCTIVE,ROMANCE,RELAX,PRODUCTIVE,PRODUCTIVE,PRODUCTIVE,WORK / CLASS,WORK / CLASS,RELAX,RELAX,SLEEP,,
SLEEP,SLEEP,SLEEP,SLEEP,SLEEP,SLEEP,SLEEP,PRODUCTIVE,PRODUCTIVE,WORK / CLASS,WORK / CLASS,PRODUCTIVE,SOCIAL,PRODUCTIVE,PRODUCTIVE,WORK / CLASS,EXERCISE,EXERCISE,SOCIAL,RELAX,RELAX,ROMANCE,SLEEP,SLEEP,,
SLEEP,SLEEP,SLEEP,SLEEP,SLEEP,SLEEP,PRODUCTIVE,EXERCISE,EXERCISE,SOCIAL,RELAX,WORK / CLASS,RELAX,WORK / CLASS,WORK / CLASS,PRODUCTIVE,EXERCISE,EXERCISE,PRODUCTIVE,SOCIAL,SOCIAL,ROMANCE,SLEEP,SLEEP,,
SLEEP,SLEEP,SLEEP,SLEEP,SLEEP,SLEEP,PRODUCTIVE,EXERCISE,EXERCISE,SOCIAL,WORK / CLASS,WORK / CLASS,PRODUCTIVE,SOCIAL,SOCIAL,SOCIAL,SOCIAL,SOCIAL,SOCIAL,SOCIAL,exercise,Relax,relax,SLEEP,,
SLEEP,SLEEP,SLEEP,SLEEP,SLEEP,SLEEP,PRODUCTIVE,EXERCISE,EXERCISE,PRODUCTIVE,RELAX,SOCIAL,RELAX,RELAX,RELAX,PRODUCTIVE,SOCIAL,SOCIAL,SOCIAL,SOCIAL,RELAX,RELAX,SLEEP,SLEEP,,
SLEEP,SLEEP,SLEEP,SLEEP,SLEEP,SLEEP,SLEEP,PRODUCTIVE,RELAX,RELAX,RELAX,SOCIAL,SOCIAL,SOCIAL,SOCIAL,PRODUCTIVE,PRODUCTIVE,RELAX,RELAX,RELAX,RELAX,RELAX,SLEEP,SLEEP,,
SLEEP,SLEEP,SLEEP,SLEEP,SLEEP,SLEEP,SLEEP,PRODUCTIVE,EXERCISE,RELAX,PRODUCTIVE,PRODUCTIVE,PRODUCTIVE,PRODUCTIVE,PRODUCTIVE,WORK / CLASS,EXERCISE,EXERCISE,SOCIAL,RELAX,WORK / CLASS,WORK / CLASS,SLEEP,SLEEP,,
SLEEP,SLEEP,SLEEP,SLEEP,SLEEP,SLEEP,PRODUCTIVE,EXERCISE,EXERCISE,SOCIAL,PRODUCTIVE,WORK / CLASS,PRODUCTIVE,WORK / CLASS,WORK / CLASS,RELAX,PRODUCTIVE,SOCIAL,PRODUCTIVE,PRODUCTIVE,SOCIAL,SOCIAL,SLEEP,SLEEP,,
SLEEP,SLEEP,SLEEP,SLEEP,SLEEP,SLEEP,PRODUCTIVE,EXERCISE,WORK / CLASS,WORK / CLASS,WORK / CLASS,PRODUCTIVE,SOCIAL,PRODUCTIVE,PRODUCTIVE,WORK / CLASS,EXERCISE,EXERCISE,RELAX,RELAX,SOCIAL,SOCIAL,SLEEP,SLEEP,,
SLEEP,SLEEP,SLEEP,SLEEP,SLEEP,SLEEP,PRODUCTIVE,EXERCISE,EXERCISE,PRODUCTIVE,PRODUCTIVE,WORK / CLASS,WORK / CLASS,WORK / CLASS,WORK / CLASS,PRODUCTIVE,EXERCISE,EXERCISE,SOCIAL,RELAX,RELAX,ROMANCE,SLEEP,SLEEP,,
SLEEP,SLEEP,SLEEP,SLEEP,SLEEP,SLEEP,PRODUCTIVE,EXERCISE,SOCIAL,RELAX,PRODUCTIVE,WORK / CLASS,SOCIAL,SOCIAL,PRODUCTIVE,RELAX,EXERCISE,EXERCISE,SOCIAL,SOCIAL,SOCIAL,RELAX,RELAX,SLEEP,,
SLEEP,SLEEP,SLEEP,SLEEP,SLEEP,SLEEP,PRODUCTIVE,EXERCISE,EXERCISE,EXERCISE,RELAX,SOCIAL,WORK / CLASS,SOCIAL,RELAX,RELAX,PRODUCTIVE,PRODUCTIVE,PRODUCTIVE,SOCIAL,RELAX,RELAX,ROMANCE,SOCIAL,,
SLEEP,SLEEP,SLEEP,SLEEP,SLEEP,SLEEP,SLEEP,RELAX,PRODUCTIVE,PRODUCTIVE,PRODUCTIVE,PRODUCTIVE,PRODUCTIVE,SOCIAL,SOCIAL,RELAX,SLEEP,SLEEP,WORK / CLASS,PRODUCTIVE,PRODUCTIVE,ROMANCE,SLEEP,SLEEP,,
SLEEP,SLEEP,SLEEP,SLEEP,SLEEP,SLEEP,PRODUCTIVE,EXERCISE,EXERCISE,SOCIAL,PRODUCTIVE,PRODUCTIVE,PRODUCTIVE,PRODUCTIVE,SOCIAL,WORK / CLASS,WORK / CLASS,WORK / CLASS,SOCIAL,SOCIAL,PRODUCTIVE,PRODUCTIVE,PRODUCTIVE,SLEEP,,
SLEEP,SLEEP,SLEEP,SLEEP,SLEEP,SLEEP,PRODUCTIVE,EXERCISE,EXERCISE,SOCIAL,WASTED,WORK / CLASS,PRODUCTIVE,WORK / CLASS,WORK / CLASS,SOCIAL,EXERCISE,EXERCISE,PRODUCTIVE,SOCIAL,SOCIAL,SOCIAL,SLEEP,SLEEP,,
SLEEP,SLEEP,SLEEP,SLEEP,SLEEP,SLEEP,SLEEP,RELAX,RELAX,PRODUCTIVE,PRODUCTIVE,PRODUCTIVE,PRODUCTIVE,SOCIAL,RELAX,WORK / CLASS,SOCIAL,PRODUCTIVE,PRODUCTIVE,RELAX,SOCIAL,ROMANCE,SLEEP,SLEEP,,
SLEEP,SLEEP,SLEEP,SLEEP,SLEEP,SLEEP,PRODUCTIVE,EXERCISE,EXERCISE,RELAX,PRODUCTIVE,WORK / CLASS,RELAX,WORK / CLASS,WORK / CLASS,PRODUCTIVE,EXERCISE,EXERCISE,RELAX,PRODUCTIVE,PRODUCTIVE,SOCIAL,SOCIAL,SLEEP,,
SLEEP,SLEEP,SLEEP,SLEEP,SLEEP,SLEEP,PRODUCTIVE,EXERCISE,EXERCISE,SOCIAL,RELAX,SLEEP,SLEEP,SOCIAL,PRODUCTIVE,PRODUCTIVE,SOCIAL,SOCIAL,SOCIAL,RELAX,SOCIAL,SOCIAL,SOCIAL,SOCIAL,,
SOCIAL,SOCIAL,SOCIAL,ROMANCE,RELAX,SLEEP,SLEEP,SLEEP,PRODUCTIVE,RELAX,RELAX,SOCIAL,SLEEP,SLEEP,SLEEP,SLEEP,PRODUCTIVE,PRODUCTIVE,SOCIAL,SOCIAL,SOCIAL,SOCIAL,SOCIAL,SLEEP,,
SLEEP,SLEEP,SLEEP,SLEEP,SLEEP,SLEEP,SLEEP,PRODUCTIVE,RELAX,SOCIAL,SOCIAL,SOCIAL,RELAX,SOCIAL,PRODUCTIVE,SOCIAL,SOCIAL,RELAX,RELAX,ROMANCE,ROMANCE,RELAX,SLEEP,SLEEP,,
SLEEP,SLEEP,SLEEP,SLEEP,SLEEP,SLEEP,PRODUCTIVE,EXERCISE,WORK / CLASS,PRODUCTIVE,PRODUCTIVE,PRODUCTIVE,PRODUCTIVE,PRODUCTIVE,PRODUCTIVE,WORK / CLASS,EXERCISE,EXERCISE,RELAX,RELAX,RELAX,ROMANCE,ROMANCE,SLEEP,,
SLEEP,SLEEP,SLEEP,SLEEP,SLEEP,SLEEP,PRODUCTIVE,EXERCISE,EXERCISE,SOCIAL,PRODUCTIVE,WORK / CLASS,PRODUCTIVE,WORK / CLASS,WORK / CLASS,EXERCISE,EXERCISE,EXERCISE,PRODUCTIVE,PRODUCTIVE,PRODUCTIVE,PRODUCTIVE,PRODUCTIVE,SLEEP,,
SLEEP,SLEEP,SLEEP,SLEEP,SLEEP,SLEEP,SLEEP,SLEEP,RELAX,WORK / CLASS,WORK / CLASS,RELAX,PRODUCTIVE,SOCIAL,ROMANCE,WORK / CLASS,EXERCISE,EXERCISE,SOCIAL,SOCIAL,PRODUCTIVE,RELAX,RELAX,SLEEP,,
SLEEP,SLEEP,SLEEP,SLEEP,SLEEP,SLEEP,PRODUCTIVE,EXERCISE,EXERCISE,RELAX,PRODUCTIVE,WORK / CLASS,PRODUCTIVE,WORK / CLASS,WORK / CLASS,PRODUCTIVE,EXERCISE,EXERCISE,SOCIAL,PRODUCTIVE,SOCIAL,SOCIAL,SLEEP,SLEEP,,
SLEEP,SLEEP,SLEEP,SLEEP,SLEEP,SLEEP,PRODUCTIVE,EXERCISE,EXERCISE,RELAX,RELAX,SLEEP,PRODUCTIVE,PRODUCTIVE,PRODUCTIVE,EXERCISE,EXERCISE,RELAX,SOCIAL,SOCIAL,ROMANCE,ROMANCE,SLEEP,SLEEP,,
SLEEP,SLEEP,SLEEP,SLEEP,SLEEP,SLEEP,SLEEP,PRODUCTIVE,EXERCISE,PRODUCTIVE,DEVELOPMENT,SOCIAL,SLEEP,RELAX,PRODUCTIVE,PRODUCTIVE,PRODUCTIVE,PRODUCTIVE,PRODUCTIVE,SOCIAL,WORK / CLASS,ROMANCE,RELAX,WORK / CLASS,,
WORK / CLASS,WORK / CLASS,WORK / CLASS,WORK / CLASS,RELAX,SLEEP,SLEEP,SLEEP,SLEEP,SLEEP,SLEEP,PRODUCTIVE,PRODUCTIVE,PRODUCTIVE,PRODUCTIVE,ROMANCE,PRODUCTIVE,PRODUCTIVE,SOCIAL,RELAX,ROMANCE,SOCIAL,SOCIAL,SOCIAL,,
RELAX,SLEEP,SLEEP,SLEEP,SLEEP,SLEEP,PRODUCTIVE,EXERCISE,WORK / CLASS,SLEEP,SLEEP,SLEEP,PRODUCTIVE,PRODUCTIVE,PRODUCTIVE,WORK / CLASS,EXERCISE,EXERCISE,RELAX,RELAX,FAMILY,PRODUCTIVE,,SLEEP,,
SLEEP,SLEEP,SLEEP,SLEEP,SLEEP,SLEEP,PRODUCTIVE,EXERCISE,EXERCISE,RELAX,PRODUCTIVE,WORK / CLASS,PRODUCTIVE,WORK / CLASS,WORK / CLASS,PRODUCTIVE,EXERCISE,PRODUCTIVE,DEVELOPMENT,DEVELOPMENT,PRODUCTIVE,PRODUCTIVE,ROMANCE,SLEEP,,
SLEEP,SLEEP,SLEEP,SLEEP,SLEEP,SLEEP,SLEEP,SLEEP,PRODUCTIVE,WORK / CLASS,WORK / CLASS,RELAX,ROMANCE,PRODUCTIVE,WORK / CLASS,WORK / CLASS,EXERCISE,EXERCISE,PRODUCTIVE,PRODUCTIVE,EXERCISE,EXERCISE,RELAX,SLEEP,,
SLEEP,SLEEP,SLEEP,SLEEP,SLEEP,SLEEP,PRODUCTIVE,EXERCISE,EXERCISE,RELAX,RELAX,WORK / CLASS,PRODUCTIVE,WORK / CLASS,WORK / CLASS,PRODUCTIVE,EXERCISE,EXERCISE,PRODUCTIVE,WORK / CLASS,PRODUCTIVE,RELAX,RELAX,SLEEP,,
SLEEP,SLEEP,SLEEP,SLEEP,SLEEP,SLEEP,SLEEP,RELAX,SOCIAL,SOCIAL,PRODUCTIVE,DEVELOPMENT,DEVELOPMENT,DEVELOPMENT,RELAX,EXERCISE,SOCIAL,EXERCISE,EXERCISE,RELAX,RELAX,SOCIAL,SOCIAL,SOCIAL,,
SOCIAL,SOCIAL,SLEEP,SLEEP,SLEEP,SLEEP,SLEEP,EXERCISE,EXERCISE,RELAX,PRODUCTIVE,RELAX,SLEEP,SOCIAL,PRODUCTIVE,PRODUCTIVE,PRODUCTIVE,social,social,social,social,RELAX,SLEEP,SLEEP,,
SLEEP,SLEEP,SLEEP,SLEEP,SLEEP,SLEEP,SLEEP,RELAX,SOCIAL,EXERCISE,EXERCISE,SOCIAL,SOCIAL,SOCIAL,SOCIAL,SLEEP,SLEEP,RELAX,RELAX,FAMILY,RELAX,SOCIAL,ROMANCE,SLEEP,,
SLEEP,SLEEP,SLEEP,SLEEP,SLEEP,SLEEP,PRODUCTIVE,EXERCISE,WORK / CLASS,PRODUCTIVE,PRODUCTIVE,PRODUCTIVE,WORK / CLASS,PRODUCTIVE,PRODUCTIVE,WORK / CLASS,EXERCISE,EXERCISE,PRODUCTIVE,PRODUCTIVE,WORK / CLASS,WORK / CLASS,PRODUCTIVE,SOCIAL,,
SOCIAL,SLEEP,SLEEP,SLEEP,SLEEP,SLEEP,PRODUCTIVE,EXERCISE,EXERCISE,PRODUCTIVE,PRODUCTIVE,WORK / CLASS,PRODUCTIVE,WORK / CLASS,WORK / CLASS,PRODUCTIVE,EXERCISE,EXERCISE,RELAX,PRODUCTIVE,PRODUCTIVE,RELAX,RELAX,SLEEP,,
SLEEP,SLEEP,SLEEP,SLEEP,SLEEP,SLEEP,SLEEP,SLEEP,RELAX,WORK / CLASS,WORK / CLASS,PRODUCTIVE,PRODUCTIVE,PRODUCTIVE,PRODUCTIVE,WORK / CLASS,EXERCISE,EXERCISE,RELAX,RELAX,WORK / CLASS,WORK / CLASS,RELAX,SLEEP,,
SLEEP,SLEEP,SLEEP,SLEEP,SLEEP,SLEEP,PRODUCTIVE,EXERCISE,EXERCISE,RELAX,PRODUCTIVE,WORK / CLASS,PRODUCTIVE,WORK / CLASS,WORK / CLASS,RELAX,EXERCISE,PRODUCTIVE,PRODUCTIVE,SOCIAL,SOCIAL,PRODUCTIVE,RELAX,SLEEP,,
SLEEP,SLEEP,SLEEP,SLEEP,SLEEP,SLEEP,PRODUCTIVE,EXERCISE,EXERCISE,RELAX,SLEEP,SLEEP,RELAX,PRODUCTIVE,RELAX,EXERCISE,RELAX,PRODUCTIVE,SOCIAL,SOCIAL,SOCIAL,SOCIAL,RELAX,SLEEP,,
SLEEP,SLEEP,SLEEP,SLEEP,SLEEP,WASTED,SLEEP,RELAX,SLEEP,PRODUCTIVE,EXERCISE,EXERCISE,SOCIAL,RELAX,SOCIAL,SOCIAL,PRODUCTIVE,ROMANCE,SOCIAL,PRODUCTIVE,PRODUCTIVE,RELAX,RELAX,SLEEP,,
SLEEP,SLEEP,SLEEP,SLEEP,SLEEP,SLEEP,SLEEP,SLEEP,RELAX,PRODUCTIVE,PRODUCTIVE,SOCIAL,SOCIAL,PRODUCTIVE,PRODUCTIVE,PRODUCTIVE,PRODUCTIVE,PRODUCTIVE,PRODUCTIVE,PRODUCTIVE,PRODUCTIVE,RELAX,RELAX,SLEEP,,
SLEEP,SLEEP,SLEEP,SLEEP,SLEEP,PRODUCTIVE,PRODUCTIVE,EXERCISE,WORK / CLASS,PRODUCTIVE,PRODUCTIVE,PRODUCTIVE,PRODUCTIVE,RELAX,RELAX,WORK / CLASS,EXERCISE,EXERCISE,RELAX,RELAX,PRODUCTIVE,RELAX,ROMANCE,SLEEP,,
SLEEP,SLEEP,SLEEP,SLEEP,SLEEP,SLEEP,EXERCISE,EXERCISE,RELAX,PRODUCTIVE,PRODUCTIVE,WORK / CLASS,RELAX,WORK / CLASS,WORK / CLASS,RELAX,EXERCISE,EXERCISE,RELAX,RELAX,PRODUCTIVE,ROMANCE,SLEEP,SLEEP,,
SLEEP,SLEEP,SLEEP,SLEEP,SLEEP,SLEEP,SLEEP,RELAX,RELAX,WORK / CLASS,WORK / CLASS,PRODUCTIVE,WORK / CLASS,PRODUCTIVE,PRODUCTIVE,WORK / CLASS,EXERCISE,EXERCISE,RELAX,RELAX,PRODUCTIVE,PRODUCTIVE,SLEEP,SLEEP,,
SLEEP,SLEEP,SLEEP,SLEEP,SLEEP,SLEEP,PRODUCTIVE,EXERCISE,PRODUCTIVE,PRODUCTIVE,PRODUCTIVE,WORK / CLASS,WORK / CLASS,WORK / CLASS,WORK / CLASS,RELAX,EXERCISE,EXERCISE,RELAX,PRODUCTIVE,PRODUCTIVE,PRODUCTIVE,PRODUCTIVE,WORK / CLASS,,
SLEEP,SLEEP,SLEEP,SLEEP,SLEEP,SLEEP,SLEEP,ROMANCE,RELAX,PRODUCTIVE,PRODUCTIVE,PRODUCTIVE,PRODUCTIVE,RELAX,PRODUCTIVE,PRODUCTIVE,PRODUCTIVE,PRODUCTIVE,RELAX,RELAX,RELAX,SOCIAL,SOCIAL,RELAX,,
SLEEP,SLEEP,SLEEP,SLEEP,SLEEP,SLEEP,SLEEP,SLEEP,SOCIAL,EXERCISE,EXERCISE,RELAX,SOCIAL,SOCIAL,RELAX,RELAX,RELAX,SOCIAL,RELAX,RELAX,RELAX,RELAX,SLEEP,SLEEP,,
SLEEP,SLEEP,SLEEP,SLEEP,SLEEP,SLEEP,PRODUCTIVE,EXERCISE,EXERCISE,RELAX,SLEEP,SLEEP,RELAX,RELAX,RELAX,EXERCISE,EXERCISE,EXERCISE,RELAX,SOCIAL,SOCIAL,SOCIAL,RELAX,SLEEP,,
SLEEP,SLEEP,SLEEP,SLEEP,SLEEP,SLEEP,PRODUCTIVE,EXERCISE,EXERCISE,RELAX,SLEEP,SLEEP,RELAX,RELAX,RELAX,EXERCISE,EXERCISE,EXERCISE,SOCIAL,SOCIAL,RELAX,RELAX,RELAX,SLEEP,,
SLEEP,SLEEP,SLEEP,SLEEP,SLEEP,SLEEP,PRODUCTIVE,EXERCISE,EXERCISE,RELAX,RELAX,PRODUCTIVE,PRODUCTIVE,PRODUCTIVE,SLEEP,EXERCISE,EXERCISE,EXERCISE,RELAX,RELAX,PRODUCTIVE,PRODUCTIVE,PRODUCTIVE,RELAX,,
SLEEP,SLEEP,SLEEP,SLEEP,SLEEP,SLEEP,SLEEP,SOCIAL,RELAX,SLEEP,SLEEP,RELAX,SOCIAL,SOCIAL,SOCIAL,SOCIAL,SLEEP,SLEEP,RELAX,RELAX,RELAX,RELAX,SLEEP,SLEEP,,
SLEEP,SLEEP,SLEEP,SLEEP,SLEEP,SLEEP,PRODUCTIVE,EXERCISE,EXERCISE,RELAX,RELAX,SLEEP,RELAX,RELAX,RELAX,EXERCISE,EXERCISE,EXERCISE,SOCIAL,SOCIAL,RELAX,RELAX,SLEEP,SLEEP,,
SLEEP,SLEEP,SLEEP,SLEEP,SLEEP,SLEEP,PRODUCTIVE,EXERCISE,EXERCISE,RELAX,RELAX,SLEEP,SLEEP,RELAX,RELAX,RELAX,EXERCISE,EXERCISE,EXERCISE,SOCIAL,SOCIAL,RELAX,RELAX,SLEEP,,
SLEEP,SLEEP,SLEEP,SLEEP,SLEEP,SLEEP,SLEEP,SLEEP,RELAX,PRODUCTIVE,PRODUCTIVE,RELAX,EXERCISE,EXERCISE,SOCIAL,RELAX,RELAX,PRODUCTIVE,PRODUCTIVE,PRODUCTIVE,RELAX,RELAX,RELAX,ROMANCE,,
ROMANCE,SLEEP,SLEEP,SLEEP,SLEEP,SLEEP,SLEEP,SLEEP,SLEEP,ROMANCE,RELAX,PRODUCTIVE,PRODUCTIVE,PRODUCTIVE,EXERCISE,RELAX,PRODUCTIVE,SOCIAL,RELAX,RELAX,RELAX,ROMANCE,ROMANCE,RELAX,,
RELAX,RELAX,SLEEP,SLEEP,SLEEP,SLEEP,SLEEP,SLEEP,WORK / CLASS,RELAX,WORK / CLASS,RELAX,RELAX,RELAX,PRODUCTIVE,WORK / CLASS,PRODUCTIVE,PRODUCTIVE,PRODUCTIVE,PRODUCTIVE,WORK / CLASS,RELAX,SLEEP,SLEEP,,
SLEEP,SLEEP,SLEEP,SLEEP,SLEEP,SLEEP,PRODUCTIVE,EXERCISE,EXERCISE,RELAX,PRODUCTIVE,WORK / CLASS,PRODUCTIVE,WORK / CLASS,WORK / CLASS,RELAX,EXERCISE,EXERCISE,RELAX,RELAX,SOCIAL,SOCIAL,RELAX,ROMANCE,,
SLEEP,SLEEP,SLEEP,SLEEP,SLEEP,SLEEP,SLEEP,SLEEP,PRODUCTIVE,WORK / CLASS,WORK / CLASS,RELAX,WORK / CLASS,PRODUCTIVE,PRODUCTIVE,WORK / CLASS,PRODUCTIVE,EXERCISE,PRODUCTIVE,WORK / CLASS,PRODUCTIVE,PRODUCTIVE,PRODUCTIVE,RELAX,,
SLEEP,SLEEP,SLEEP,SLEEP,SLEEP,SLEEP,PRODUCTIVE,EXERCISE,EXERCISE,RELAX,RELAX,WORK / CLASS,PRODUCTIVE,WORK / CLASS,WORK / CLASS,RELAX,RELAX,RELAX,SOCIAL,SOCIAL,PRODUCTIVE,RELAX,RELAX,RELAX,,
SLEEP,SLEEP,SLEEP,SLEEP,SLEEP,SLEEP,SLEEP,RELAX,EXERCISE,EXERCISE,EXERCISE,EXERCISE,RELAX,RELAX,RELAX,RELAX,SOCIAL,EXERCISE,EXERCISE,EXERCISE,RELAX,SOCIAL,RELAX,SLEEP,,
SLEEP,SLEEP,SLEEP,SLEEP,SLEEP,SLEEP,SLEEP,RELAX,EXERCISE,RELAX,EXERCISE,EXERCISE,RELAX,RELAX,RELAX,RELAX,RELAX,RELAX,RELAX,SOCIAL,ROMANCE,SOCIAL,SOCIAL,SOCIAL,,
SOCIAL,SOCIAL,SLEEP,SLEEP,SLEEP,SLEEP,SLEEP,PRODUCTIVE,SOCIAL,RELAX,RELAX,RELAX,RELAX,RELAX,RELAX,RELAX,SLEEP,SLEEP,RELAX,PRODUCTIVE,PRODUCTIVE,PRODUCTIVE,RELAX,SLEEP,,
SLEEP,SLEEP,SLEEP,SLEEP,SLEEP,SLEEP,PRODUCTIVE,EXERCISE,WORK / CLASS,RELAX,RELAX,PRODUCTIVE,PRODUCTIVE,RELAX,RELAX,WORK / CLASS,EXERCISE,EXERCISE,RELAX,SOCIAL,RELAX,PRODUCTIVE,SLEEP,SLEEP,,
SLEEP,SLEEP,SLEEP,SLEEP,SLEEP,SLEEP,PRODUCTIVE,EXERCISE,EXERCISE,RELAX,RELAX,WORK / CLASS,PRODUCTIVE,WORK / CLASS,WORK / CLASS,RELAX,EXERCISE,EXERCISE,SOCIAL,SOCIAL,WORK / CLASS,PRODUCTIVE,PRODUCTIVE,SLEEP,,
SLEEP,SLEEP,SLEEP,SLEEP,SLEEP,SLEEP,ROMANCE,SLEEP,RELAX,WORK / CLASS,WORK / CLASS,PRODUCTIVE,PRODUCTIVE,PRODUCTIVE,PRODUCTIVE,WORK / CLASS,EXERCISE,EXERCISE,PRODUCTIVE,RELAX,RELAX,PRODUCTIVE,PRODUCTIVE,SLEEP,,
SLEEP,SLEEP,SLEEP,SLEEP,SLEEP,SLEEP,PRODUCTIVE,EXERCISE,EXERCISE,RELAX,PRODUCTIVE,WORK / CLASS,PRODUCTIVE,WORK / CLASS,WORK / CLASS,RELAX,EXERCISE,EXERCISE,RELAX,RELAX,RELAX,PRODUCTIVE,SLEEP,SLEEP,,
SLEEP,SLEEP,SLEEP,SLEEP,SLEEP,SLEEP,PRODUCTIVE,EXERCISE,SOCIAL,SOCIAL,RELAX,PRODUCTIVE,RELAX,SOCIAL,EXERCISE,EXERCISE,EXERCISE,EXERCISE,SOCIAL,RELAX,SOCIAL,SOCIAL,ROMANCE,SLEEP,,
SLEEP,SLEEP,SLEEP,SLEEP,SLEEP,SLEEP,SLEEP,PRODUCTIVE,EXERCISE,EXERCISE,EXERCISE,SOCIAL,RELAX,SLEEP,SLEEP,ROMANCE,RELAX,PRODUCTIVE,PRODUCTIVE,RELAX,RELAX,SOCIAL,SOCIAL,SOCIAL,,
RELAX,WASTED,WASTED,SLEEP,SLEEP,SLEEP,SLEEP,SLEEP,SLEEP,SLEEP,RELAX,RELAX,RELAX,RELAX,PRODUCTIVE,PRODUCTIVE,PRODUCTIVE,PRODUCTIVE,ROMANCE,PRODUCTIVE,PRODUCTIVE,PRODUCTIVE,SLEEP,SLEEP,,
SLEEP,SLEEP,SLEEP,SLEEP,SLEEP,SLEEP,PRODUCTIVE,EXERCISE,EXERCISE,RELAX,PRODUCTIVE,PRODUCTIVE,PRODUCTIVE,PRODUCTIVE,RELAX,WORK / CLASS,EXERCISE,EXERCISE,RELAX,PRODUCTIVE,PRODUCTIVE,PRODUCTIVE,RELAX,SLEEP,,
SLEEP,SLEEP,SLEEP,SLEEP,SLEEP,SLEEP,PRODUCTIVE,EXERCISE,EXERCISE,SOCIAL,ROMANCE,SLEEP,RELAX,WORK / CLASS,WORK / CLASS,SOCIAL,PRODUCTIVE,RELAX,PRODUCTIVE,PRODUCTIVE,FAMILY,FAMILY,FAMILY,SLEEP,,
SLEEP,SLEEP,SLEEP,SLEEP,SLEEP,SLEEP,SLEEP,SLEEP,RELAX,RELAX,RELAX,PRODUCTIVE,PRODUCTIVE,FAMILY,FAMILY,RELAX,EXERCISE,EXERCISE,SOCIAL,FAMILY,FAMILY,RELAX,RELAX,SLEEP,,
SLEEP,SLEEP,SLEEP,SLEEP,SLEEP,SLEEP,SLEEP,SLEEP,RELAX,EXERCISE,EXERCISE,FAMILY,RELAX,RELAX,RELAX,SLEEP,SLEEP,RELAX,SOCIAL,SOCIAL,SOCIAL,RELAX,RELAX,SLEEP,,
SLEEP,SLEEP,SLEEP,SLEEP,SLEEP,SLEEP,SLEEP,PRODUCTIVE,EXERCISE,EXERCISE,RELAX,PRODUCTIVE,PRODUCTIVE,PRODUCTIVE,PRODUCTIVE,FAMILY,FAMILY,FAMILY,RELAX,RELAX,FAMILY,FAMILY,RELAX,SLEEP,,
SLEEP,SLEEP,SLEEP,SLEEP,SLEEP,SLEEP,SLEEP,SLEEP,PRODUCTIVE,PRODUCTIVE,EXERCISE,EXERCISE,FAMILY,RELAX,RELAX,RELAX,RELAX,PRODUCTIVE,PRODUCTIVE,RELAX,RELAX,RELAX,SLEEP,SLEEP,,
SLEEP,SLEEP,SLEEP,SLEEP,SLEEP,PRODUCTIVE,FAMILY,RELAX,RELAX,,ROMANCE,ROMANCE,ROMANCE,SOCIAL,SOCIAL,SOCIAL,RELAX,RELAX,RELAX,RELAX,RELAX,ROMANCE,SLEEP,SLEEP,,
SLEEP,SLEEP,SLEEP,SLEEP,SLEEP,SLEEP,PRODUCTIVE,EXERCISE,WORK / CLASS,PRODUCTIVE,DEVELOPMENT,PRODUCTIVE,PRODUCTIVE,PRODUCTIVE,PRODUCTIVE,WORK / CLASS,EXERCISE,EXERCISE,SOCIAL,ROMANCE,PRODUCTIVE,PRODUCTIVE,PRODUCTIVE,SLEEP,,
SLEEP,SLEEP,SLEEP,SLEEP,SLEEP,SLEEP,PRODUCTIVE,EXERCISE,EXERCISE,RELAX,PRODUCTIVE,WORK / CLASS,PRODUCTIVE,WORK / CLASS,WORK / CLASS,PRODUCTIVE,WORK / CLASS,WORK / CLASS,PRODUCTIVE,PRODUCTIVE,WORK / CLASS,WORK / CLASS,PRODUCTIVE,SLEEP,,
SLEEP,SLEEP,SLEEP,SLEEP,SLEEP,SLEEP,SLEEP,SLEEP,ROMANCE,WORK / CLASS,WORK / CLASS,PRODUCTIVE,PRODUCTIVE,PRODUCTIVE,PRODUCTIVE,WORK / CLASS,EXERCISE,EXERCISE,SOCIAL,RELAX,PRODUCTIVE,PRODUCTIVE,DEVELOPMENT,SLEEP,,
SLEEP,SLEEP,SLEEP,SLEEP,SLEEP,SLEEP,PRODUCTIVE,EXERCISE,PRODUCTIVE,PRODUCTIVE,PRODUCTIVE,WORK / CLASS,PRODUCTIVE,WORK / CLASS,WORK / CLASS,ROMANCE,EXERCISE,EXERCISE,PRODUCTIVE,RELAX,FAMILY,FAMILY,RELAX,SLEEP,,
SLEEP,SLEEP,SLEEP,SLEEP,SLEEP,SLEEP,SLEEP,RELAX,RELAX,EXERCISE,EXERCISE,EXERCISE,RELAX,SLEEP,SLEEP,RELAX,PRODUCTIVE,EXERCISE,EXERCISE,EXERCISE,EXERCISE,RELAX,SOCIAL,SLEEP,,
SLEEP,SLEEP,SLEEP,SLEEP,SLEEP,SLEEP,SLEEP,PRODUCTIVE,PRODUCTIVE,EXERCISE,EXERCISE,EXERCISE,EXERCISE,EXERCISE,RELAX,ROMANCE,PRODUCTIVE,EXERCISE,EXERCISE,EXERCISE,PRODUCTIVE,SOCIAL,RELAX,SLEEP,,
SLEEP,SLEEP,SLEEP,SLEEP,SLEEP,SLEEP,RELAX,PRODUCTIVE,EXERCISE,EXERCISE,EXERCISE,RELAX,FAMILY,SLEEP,RELAX,SOCIAL,EXERCISE,EXERCISE,EXERCISE,EXERCISE,RELAX,RELAX,ROMANCE,SLEEP,,
SLEEP,SLEEP,SLEEP,SLEEP,SLEEP,SLEEP,SLEEP,PRODUCTIVE,WORK / CLASS,RELAX,RELAX,RELAX,PRODUCTIVE,PRODUCTIVE,PRODUCTIVE,WORK / CLASS,WORK / CLASS,SLEEP,PRODUCTIVE,PRODUCTIVE,PRODUCTIVE,PRODUCTIVE,PRODUCTIVE,PRODUCTIVE,,
SLEEP,SLEEP,SLEEP,SLEEP,SLEEP,SLEEP,SLEEP,RELAX,PRODUCTIVE,PRODUCTIVE,RELAX,PRODUCTIVE,PRODUCTIVE,WORK / CLASS,WORK / CLASS,DEVELOPMENT,EXERCISE,EXERCISE,RELAX,RELAX,PRODUCTIVE,RELAX,ROMANCE,SLEEP,,
SLEEP,SLEEP,SLEEP,SLEEP,SLEEP,SLEEP,SLEEP,RELAX,PRODUCTIVE,WORK / CLASS,WORK / CLASS,PRODUCTIVE,PRODUCTIVE,PRODUCTIVE,ROMANCE,WORK / CLASS,EXERCISE,EXERCISE,RELAX,PRODUCTIVE,PRODUCTIVE,RELAX,RELAX,SLEEP,,
SLEEP,SLEEP,SLEEP,SLEEP,SLEEP,SLEEP,SLEEP,RELAX,PRODUCTIVE,PRODUCTIVE,PRODUCTIVE,PRODUCTIVE,PRODUCTIVE,WORK / CLASS,WORK / CLASS,PRODUCTIVE,EXERCISE,EXERCISE,PRODUCTIVE,WORK / CLASS,WORK / CLASS,SOCIAL,RELAX,SLEEP,,
SLEEP,SLEEP,SLEEP,SLEEP,SLEEP,SLEEP,SLEEP,PRODUCTIVE,ROMANCE,PRODUCTIVE,PRODUCTIVE,PRODUCTIVE,SOCIAL,SOCIAL,PRODUCTIVE,EXERCISE,RELAX,PRODUCTIVE,SOCIAL,SOCIAL,RELAX,PRODUCTIVE,WORK / CLASS,SLEEP,,
SLEEP,SLEEP,SLEEP,SLEEP,SLEEP,SLEEP,SLEEP,PRODUCTIVE,EXERCISE,PRODUCTIVE,RELAX,EXERCISE,EXERCISE,EXERCISE,EXERCISE,RELAX,SOCIAL,SOCIAL,SOCIAL,SOCIAL,SOCIAL,SOCIAL,SOCIAL,ROMANCE,,
SLEEP,SLEEP,SLEEP,SLEEP,SLEEP,SLEEP,SLEEP,ROMANCE,RELAX,PRODUCTIVE,PRODUCTIVE,RELAX,PRODUCTIVE,PRODUCTIVE,PRODUCTIVE,PRODUCTIVE,RELAX,SOCIAL,RELAX,PRODUCTIVE,SOCIAL,SOCIAL,RELAX,RELAX,,
SLEEP,SLEEP,SLEEP,SLEEP,SLEEP,SLEEP,PRODUCTIVE,EXERCISE,WORK / CLASS,SLEEP,PRODUCTIVE,DEVELOPMENT,PRODUCTIVE,SOCIAL,PRODUCTIVE,WORK / CLASS,EXERCISE,EXERCISE,RELAX,RELAX,PRODUCTIVE,PRODUCTIVE,PRODUCTIVE,SLEEP,,
SLEEP,SLEEP,SLEEP,SLEEP,SLEEP,SLEEP,PRODUCTIVE,EXERCISE,EXERCISE,RELAX,SLEEP,RELAX,PRODUCTIVE,WORK / CLASS,WORK / CLASS,RELAX,EXERCISE,EXERCISE,SOCIAL,SOCIAL,SOCIAL,SOCIAL,PRODUCTIVE,SLEEP,,
SLEEP,SLEEP,SLEEP,SLEEP,SLEEP,SLEEP,WASTED,RELAX,PRODUCTIVE,WORK / CLASS,WORK / CLASS,PRODUCTIVE,PRODUCTIVE,PRODUCTIVE,PRODUCTIVE,WORK / CLASS,EXERCISE,EXERCISE,PRODUCTIVE,PRODUCTIVE,PRODUCTIVE,PRODUCTIVE,PRODUCTIVE,RELAX,,
SLEEP,SLEEP,SLEEP,SLEEP,SLEEP,SLEEP,PRODUCTIVE,EXERCISE,EXERCISE,RELAX,PRODUCTIVE,SLEEP,ROMANCE,WORK / CLASS,WORK / CLASS,RELAX,EXERCISE,EXERCISE,RELAX,PRODUCTIVE,RELAX,SOCIAL,RELAX,SLEEP,,
SLEEP,SLEEP,SLEEP,SLEEP,SLEEP,SLEEP,PRODUCTIVE,EXERCISE,EXERCISE,RELAX,SLEEP,WORK / CLASS,RELAX,RELAX,PRODUCTIVE,EXERCISE,EXERCISE,RELAX,PRODUCTIVE,PRODUCTIVE,PRODUCTIVE,SOCIAL,SOCIAL,RELAX,,
SLEEP,SLEEP,SLEEP,SLEEP,SLEEP,SLEEP,SLEEP,PRODUCTIVE,EXERCISE,EXERCISE,PRODUCTIVE,RELAX,SOCIAL,SOCIAL,RELAX,RELAX,FAMILY,FAMILY,FAMILY,RELAX,RELAX,RELAX,RELAX,ROMANCE,,
ROMANCE,SLEEP,SLEEP,SLEEP,SLEEP,SLEEP,SLEEP,SLEEP,SLEEP,RELAX,FAMILY,FAMILY,FAMILY,FAMILY,FAMILY,SLEEP,SLEEP,RELAX,RELAX,RELAX,ROMANCE,ROMANCE,SLEEP,SLEEP,,
SLEEP,SLEEP,SLEEP,SLEEP,SLEEP,SLEEP,SLEEP,EXERCISE,EXERCISE,PRODUCTIVE,ROMANCE,PRODUCTIVE,ROMANCE,ROMANCE,RELAX,PRODUCTIVE,PRODUCTIVE,PRODUCTIVE,RELAX,SOCIAL,EXERCISE,SOCIAL,SLEEP,SLEEP,,
SLEEP,SLEEP,SLEEP,SLEEP,SLEEP,SLEEP,SLEEP,SLEEP,PRODUCTIVE,PRODUCTIVE,ROMANCE,DEVELOPMENT,DEVELOPMENT,SOCIAL,SOCIAL,SOCIAL,ROMANCE,ROMANCE,RELAX,SOCIAL,FAMILY,FAMILY,SLEEP,SLEEP,,
SLEEP,SLEEP,SLEEP,SLEEP,SLEEP,SLEEP,SLEEP,PRODUCTIVE,SLEEP,SLEEP,FAMILY,FAMILY,RELAX,PRODUCTIVE,EXERCISE,EXERCISE,SOCIAL,RELAX,RELAX,FAMILY,,ROMANCE,SLEEP,SLEEP,,
SLEEP,SLEEP,SLEEP,SLEEP,SLEEP,SLEEP,SLEEP,SLEEP,FAMILY,EXERCISE,RELAX,ROMANCE,ROMANCE,ROMANCE,ROMANCE,PRODUCTIVE,RELAX,FAMILY,FAMILY,PRODUCTIVE,FAMILY,PRODUCTIVE,RELAX,RELAX,,
SLEEP,SLEEP,SLEEP,SLEEP,SLEEP,SLEEP,SLEEP,SLEEP,SLEEP,PRODUCTIVE,EXERCISE,FAMILY,RELAX,SLEEP,SLEEP,RELAX,PRODUCTIVE,FAMILY,EXERCISE,PRODUCTIVE,,RELAX,RELAX,RELAX,,
SLEEP,SLEEP,SLEEP,SLEEP,SLEEP,SLEEP,SLEEP,SLEEP,PRODUCTIVE,RELAX,RELAX,DEVELOPMENT,DEVELOPMENT,PRODUCTIVE,FAMILY,FAMILY,FAMILY,PRODUCTIVE,RELAX,FAMILY,RELAX,SLEEP,SLEEP,SLEEP,,
SLEEP,SLEEP,SLEEP,SLEEP,SLEEP,SLEEP,SLEEP,RELAX,RELAX,RELAX,PRODUCTIVE,PRODUCTIVE,EXERCISE,EXERCISE,FAMILY,FAMILY,FAMILY,RELAX,PRODUCTIVE,PRODUCTIVE,RELAX,RELAX,RELAX,SLEEP,,
SLEEP,SLEEP,SLEEP,SLEEP,SLEEP,SLEEP,SLEEP,PRODUCTIVE,FAMILY,FAMILY,FAMILY,FAMILY,PRODUCTIVE,RELAX,RELAX,FAMILY,FAMILY,FAMILY,RELAX,RELAX,FAMILY,FAMILY,EXERCISE,RELAX,,
SLEEP,SLEEP,SLEEP,SLEEP,SLEEP,SLEEP,SLEEP,SLEEP,PRODUCTIVE,PRODUCTIVE,EXERCISE,EXERCISE,RELAX,FAMILY,SLEEP,SLEEP,EXERCISE,EXERCISE,RELAX,FAMILY,FAMILY,RELAX,SLEEP,SLEEP,,
SLEEP,SLEEP,SLEEP,SLEEP,SLEEP,SLEEP,FAMILY,PRODUCTIVE,RELAX,,SLEEP,SOCIAL,SOCIAL,SLEEP,SLEEP,ROMANCE,EXERCISE,EXERCISE,RELAX,PRODUCTIVE,PRODUCTIVE,ROMANCE,SLEEP,SLEEP,,
SLEEP,SLEEP,SLEEP,SLEEP,SLEEP,SLEEP,PRODUCTIVE,EXERCISE,EXERCISE,RELAX,SLEEP,SLEEP,ROMANCE,PRODUCTIVE,EXERCISE,EXERCISE,RELAX,RELAX,RELAX,ROMANCE,RELAX,SLEEP,SLEEP,SLEEP,,
SLEEP,SLEEP,SLEEP,SLEEP,SLEEP,SLEEP,PRODUCTIVE,EXERCISE,EXERCISE,RELAX,SLEEP,RELAX,RELAX,PRODUCTIVE,PRODUCTIVE,PRODUCTIVE,EXERCISE,EXERCISE,RELAX,RELAX,ROMANCE,RELAX,SLEEP,SLEEP,,
SLEEP,SLEEP,SLEEP,SLEEP,SLEEP,SLEEP,PRODUCTIVE,EXERCISE,EXERCISE,RELAX,SLEEP,RELAX,ROMANCE,PRODUCTIVE,EXERCISE,EXERCISE,EXERCISE,RELAX,PRODUCTIVE,PRODUCTIVE,PRODUCTIVE,RELAX,WASTED,SLEEP,,
SLEEP,SLEEP,SLEEP,SLEEP,SLEEP,SLEEP,PRODUCTIVE,EXERCISE,PRODUCTIVE,PRODUCTIVE,PRODUCTIVE,PRODUCTIVE,PRODUCTIVE,DEVELOPMENT,PRODUCTIVE,PRODUCTIVE,ROMANCE,SOCIAL,SOCIAL,SOCIAL,SOCIAL,SOCIAL,SOCIAL,SOCIAL,,
ROMANCE,SLEEP,SLEEP,SLEEP,SLEEP,SLEEP,SLEEP,SLEEP,SLEEP,RELAX,SOCIAL,SOCIAL,PRODUCTIVE,social,social,SLEEP,SLEEP,PRODUCTIVE,RELAX,ROMANCE,RELAX,RELAX,RELAX,SLEEP,8.6,83
SLEEP,SLEEP,SLEEP,SLEEP,SLEEP,SLEEP,PRODUCTIVE,EXERCISE,EXERCISE,RELAX,RELAX,SLEEP,PRODUCTIVE,DEVELOPMENT,productive,exercise,exercise,productive,relax,relax,romance,relax,sleep,sleep,16.5,57
SLEEP,SLEEP,SLEEP,SLEEP,SLEEP,SLEEP,PRODUCTIVE,EXERCISE,EXERCISE,RELAX,PRODUCTIVE,SLEEP,PRODUCTIVE,DEVELOPMENT,PRODUCTIVE,EXERCISE,EXERCISE,RELAX,RELAX,RELAX,relax,relax,sleep,sleep,13.5,40
SLEEP,SLEEP,SLEEP,SLEEP,SLEEP,SLEEP,PRODUCTIVE,EXERCISE,EXERCISE,RELAX,RELAX,RELAX,SOCIAL,PRODUCTIVE,PRODUCTIVE,SOCIAL,SOCIAL,RELAX,RELAX,RELAX,RELAX,RELAX,RELAX,SLEEP,6.1,38
SLEEP,SLEEP,SLEEP,SLEEP,SLEEP,SLEEP,PRODUCTIVE,EXERCISE,RELAX,RELAX,SLEEP,SLEEP,PRODUCTIVE,PRODUCTIVE,PRODUCTIVE,EXERCISE,EXERCISE,relax,relax,romance,romance,sleep,sleep,sleep,15.2,--
SLEEP,SLEEP,SLEEP,SLEEP,SLEEP,SLEEP,SLEEP,productive,exercise,relax,relax,relax,exercise,exercise,exercise,exercise,relax,productive,relax,relax,productive,relax,relax,sleep,14.5,87
SLEEP,SLEEP,SLEEP,SLEEP,SLEEP,SLEEP,SLEEP,relax,RELAX,ROMANCE,PRODUCTIVE,PRODUCTIVE,RELAX,PRODUCTIVE,PRODUCTIVE,development,RELAX,productive,RELAX,development,relax,relax,sleep,sleep,6.6,67
SLEEP,SLEEP,SLEEP,SLEEP,SLEEP,SLEEP,relax,productive,WASTED,WASTED,PRODUCTIVE,PRODUCTIVE,PRODUCTIVE,PRODUCTIVE,EXERCISE,EXERCISE,PRODUCTIVE,DEVELOPMENT,SOCIAL,FAMILY,RELAX,SLEEP,SLEEP,SLEEP,16.8,39
SLEEP,SLEEP,SLEEP,SLEEP,SLEEP,SLEEP,PRODUCTIVE,EXERCISE,EXERCISE,EXERCISE,PRODUCTIVE,PRODUCTIVE,DEVELOPMENT,PRODUCTIVE,productive,exercise,exercise,productive,romance,work / class,relax,relax,sleep,sleep,18.2,57
SLEEP,SLEEP,SLEEP,SLEEP,SLEEP,SLEEP,PRODUCTIVE,EXERCISE,EXERCISE,RELAX,PRODUCTIVE,PRODUCTIVE,PRODUCTIVE,WORK / CLASS,WORK / CLASS,RELAX,RELAX,SLEEP,productive,relax,social,wasted,sleep,sleep,13.5,50
SLEEP,SLEEP,SLEEP,SLEEP,SLEEP,SLEEP,PRODUCTIVE,EXERCISE,EXERCISE,relax,social,SLEEP,RELAX,SOCIAL,EXERCISE,EXERCISE,RELAX,SOCIAL,SOCIAL,PRODUCTIVE,relax,relax,sleep,sleep,17,92
SLEEP,SLEEP,SLEEP,SLEEP,SLEEP,relax,romance,RELAX,RELAX,SOCIAL,RELAX,RELAX,RELAX,SLEEP,PRODUCTIVE,EXERCISE,EXERCISE,DEVELOPMENT,ROMANCE,PRODUCTIVE,relax,romance,romance,sleep,13.1,74
sleep,SLEEP,SLEEP,SLEEP,SLEEP,SLEEP,SLEEP,PRODUCTIVE,EXERCISE,EXERCISE,PRODUCTIVE,FAMILY,FAMILY,FAMILY,FAMILY,RELAX,SLEEP,RELAX,SOCIAL,PRODUCTIVE,SOCIAL,SOCIAL,SOCIAL,RELAX,14,72
RELAX,RELAX,SLEEP,SLEEP,SLEEP,SLEEP,SLEEP,SLEEP,SLEEP,RELAX,RELAX,RELAX,SLEEP,SLEEP,RELAX,PRODUCTIVE,RELAX,PRODUCTIVE,RELAX,RELAX,RELAX,RELAX,RELAX,RELAX,6.8,87
sleep,SLEEP,SLEEP,SLEEP,SLEEP,SLEEP,SLEEP,SLEEP,RELAX,SOCIAL,RELAX,RELAX,WORK / CLASS,PRODUCTIVE,EXERCISE,EXERCISE,PRODUCTIVE,productive,PRODUCTIVE,productive,PRODUCTIVE,relax,sleep,sleep,16.7,61
SLEEP,SLEEP,SLEEP,SLEEP,SLEEP,SLEEP,PRODUCTIVE,EXERCISE,EXERCISE,SOCIAL,RELAX,RELAX,productive,productive,productive,productive,EXERCISE,PRODUCTIVE,PRODUCTIVE,PRODUCTIVE,WORK / CLASS,WORK / CLASS,RELAX,WORK / CLASS,17.1,86
WASTED,SLEEP,SLEEP,SLEEP,SLEEP,SLEEP,SLEEP,SLEEP,RELAX,PRODUCTIVE,WORK / CLASS,WORK / CLASS,WORK / CLASS,WORK / CLASS,PRODUCTIVE,PRODUCTIVE,EXERCISE,EXERCISE,PRODUCTIVE,WORK / CLASS,WORK / CLASS,WORK / CLASS,WORK / CLASS,WORK / CLASS,16.4,56
RELAX,SLEEP,SLEEP,SLEEP,SLEEP,SLEEP,PRODUCTIVE,WORK / CLASS,WORK / CLASS,WORK / CLASS,RELAX,WORK / CLASS,WORK / CLASS,WORK / CLASS,EXERCISE,WORK / CLASS,WORK / CLASS,WORK / CLASS,PRODUCTIVE,RELAX,relax,romance,relax,sleep,14.2,26
SLEEP,SLEEP,SLEEP,SLEEP,SLEEP,SLEEP,SLEEP,SLEEP,relax,PRODUCTIVE,RELAX,WORK / CLASS,RELAX,RELAX,EXERCISE,EXERCISE,RELAX,relax,relax,social,relax,relax,romance,relax,14.8,38
SLEEP,SLEEP,SLEEP,SLEEP,SLEEP,SLEEP,SLEEP,exercise,exercise,RELAX,SLEEP,RELAX,RELAX,RELAX,PRODUCTIVE,RELAX,RELAX,SOCIAL,SOCIAL,SOCIAL,SOCIAL,RELAX,RELAX,WORK / CLASS,16.1,76
SLEEP,SLEEP,SLEEP,SLEEP,SLEEP,SLEEP,SLEEP,SLEEP,SLEEP,SLEEP,RELAX,PRODUCTIVE,RELAX,RELAX,RELAX,RELAX,RELAX,RELAX,SOCIAL,PRODUCTIVE,ROMANCE,ROMANCE,RELAX,SLEEP,8.1,46
SLEEP,SLEEP,SLEEP,SLEEP,SLEEP,SLEEP,SLEEP,RELAX,RELAX,RELAX,RELAX,PRODUCTIVE,PRODUCTIVE,RELAX,EXERCISE,EXERCISE,RELAX,RELAX,PRODUCTIVE,PRODUCTIVE,PRODUCTIVE,relax,sleep,sleep,16.3,--
SLEEP,SLEEP,SLEEP,SLEEP,SLEEP,SLEEP,SLEEP,productive,productive,WORK / CLASS,WORK / CLASS,WORK / CLASS,relax,relax,relax,sleep,exercise,exercise,productive,social,relax,relax,relax,sleep,16.3,94
sleep,sleep,sleep,sleep,sleep,wasted,romance,relax,relax,productive,romance,sleep,relax,productive,RELAX,EXERCISE,EXERCISE,RELAX,ROMANCE,PRODUCTIVE,development,development,sleep,sleep,14.6,70
SLEEP,SLEEP,SLEEP,SLEEP,SLEEP,SLEEP,SLEEP,SLEEP,SLEEP,relax,SOCIAL,DEVELOPMENT,DEVELOPMENT,PRODUCTIVE,exercise,exercise,RELAX,PRODUCTIVE,DEVELOPMENT,DEVELOPMENT,RELAX,RELAX,WORK / CLASS,WORK / CLASS,14.6,79
SLEEP,SLEEP,SLEEP,SLEEP,SLEEP,SLEEP,SLEEP,SLEEP,relax,relax,social,relax,relax,relax,relax,exercise,exercise,productive,romance,romance,social,relax,WORK / CLASS,sleep,13.5,21
SLEEP,SLEEP,SLEEP,SLEEP,SLEEP,SLEEP,SLEEP,relax,productive,exercise,exercise,PRODUCTIVE,SOCIAL,PRODUCTIVE,PRODUCTIVE,RELAX,RELAX,RELAX,SOCIAL,RELAX,RELAX,RELAX,RELAX,SLEEP,15.2,88
SLEEP,SLEEP,SLEEP,SLEEP,SLEEP,SLEEP,SLEEP,SLEEP,RELAX,PRODUCTIVE,RELAX,RELAX,RELAX,RELAX,RELAX,RELAX,RELAX,RELAX,PRODUCTIVE,RELAX,RELAX,RELAX,RELAX,RELAX,7.2,42
RELAX,SLEEP,SLEEP,SLEEP,SLEEP,SLEEP,SLEEP,SLEEP,SLEEP,RELAX,RELAX,SOCIAL,RELAX,RELAX,EXERCISE,EXERCISE,PRODUCTIVE,relax,productive,RELAX,RELAX,RELAX,RELAX,sleep,13.4,32
SLEEP,SLEEP,SLEEP,SLEEP,SLEEP,SLEEP,SLEEP,SLEEP,relax,relax,productive,social,RELAX,RELAX,RELAX,PRODUCTIVE,EXERCISE,EXERCISE,PRODUCTIVE,RELAX,SOCIAL,RELAX,SOCIAL,RELAX,13.6,89
SLEEP,SLEEP,SLEEP,SLEEP,SLEEP,SLEEP,SLEEP,RELAX,RELAX,RELAX,PRODUCTIVE,RELAX,SLEEP,RELAX,RELAX,EXERCISE,PRODUCTIVE,RELAX,SOCIAL,RELAX,DEVELOPMENT,RELAX,SLEEP,SLEEP,13.7,54
SLEEP,SLEEP,SLEEP,SLEEP,WASTED,RELAX,RELAX,RELAX,PRODUCTIVE,EXERCISE,RELAX,PRODUCTIVE,RELAX,SLEEP,RELAX,WASTED,WASTED,RELAX,SOCIAL,SOCIAL,PRODUCTIVE,PRODUCTIVE,RELAX,SLEEP,13.4,83
sleep,SLEEP,SLEEP,SLEEP,SLEEP,SLEEP,SLEEP,productive,social,exercise,relax,relax,sleep,sleep,relax,productive,productive,exercise,exercise,exercise,productive,family,relax,sleep,17.2,36
sleep,sleep,SLEEP,SLEEP,SLEEP,SLEEP,SLEEP,SLEEP,productive,social,productive,exercise,exercise,exercise,FAMILY,SOCIAL,RELAX,RELAX,DEVELOPMENT,DEVELOPMENT,PRODUCTIVE,ROMANCE,ROMANCE,SLEEP,15.2,94
sleep,sleep,SLEEP,SLEEP,SLEEP,SLEEP,SLEEP,SLEEP,RELAX,RELAX,ROMANCE,PRODUCTIVE,SLEEP,SLEEP,RELAX,RELAX,PRODUCTIVE,SOCIAL,SOCIAL,SOCIAL,ROMANCE,ROMANCE,ROMANCE,SLEEP,8.5,64
sleep,sleep,SLEEP,SLEEP,SLEEP,SLEEP,SLEEP,SLEEP,PRODUCTIVE,SOCIAL,WORK / CLASS,WORK / CLASS,PRODUCTIVE,SLEEP,RELAX,DEVELOPMENT,EXERCISE,EXERCISE,PRODUCTIVE,PRODUCTIVE,DEVELOPMENT,SOCIAL,SOCIAL,RELAX,13.2,11
RELAX,sleep,SLEEP,SLEEP,SLEEP,SLEEP,SLEEP,SLEEP,RELAX,PRODUCTIVE,RELAX,WORK / CLASS,PRODUCTIVE,WORK / CLASS,WORK / CLASS,WORK / CLASS,EXERCISE,PRODUCTIVE,SOCIAL,RELAX,PRODUCTIVE,romance,sleep,sleep,10.7,11
sleep,sleep,SLEEP,SLEEP,SLEEP,SLEEP,SLEEP,relax,work / class,productive,WORK / CLASS,WORK / CLASS,PRODUCTIVE,WORK / CLASS,WORK / CLASS,WORK / CLASS,EXERCISE,EXERCISE,PRODUCTIVE,WORK / CLASS,RELAX,RELAX,SLEEP,SLEEP,12.7,94
SLEEP,SLEEP,SLEEP,SLEEP,SLEEP,SLEEP,PRODUCTIVE,EXERCISE,PRODUCTIVE,RELAX,SLEEP,RELAX,PRODUCTIVE,WORK / CLASS,WORK / CLASS,WORK / CLASS,EXERCISE,EXERCISE,PRODUCTIVE,WORK / CLASS,WORK / CLASS,WORK / CLASS,SOCIAL,SOCIAL,16.5,--
ROMANCE,SLEEP,SLEEP,SLEEP,SLEEP,SLEEP,SLEEP,RELAX,PRODUCTIVE,PRODUCTIVE,WORK / CLASS,DEVELOPMENT,PRODUCTIVE,SOCIAL,SOCIAL,EXERCISE,EXERCISE,FAMILY,SOCIAL,ROMANCE,SLEEP,SLEEP,SOCIAL,SOCIAL,15,39
RELAX,SLEEP,SLEEP,SLEEP,SLEEP,SLEEP,SLEEP,SLEEP,SLEEP,SLEEP,PRODUCTIVE,RELAX,PRODUCTIVE,PRODUCTIVE,social,social,social,productive,PRODUCTIVE,PRODUCTIVE,RELAX,RELAX,RELAX,WASTED,9.8,68
SLEEP,SLEEP,SLEEP,SLEEP,SLEEP,SLEEP,SLEEP,SLEEP,RELAX,RELAX,PRODUCTIVE,PRODUCTIVE,ROMANCE,PRODUCTIVE,PRODUCTIVE,RELAX,RELAX,RELAX,RELAX,SOCIAL,SOCIAL,SOCIAL,SOCIAL,ROMANCE,9.4,49
SLEEP,SLEEP,SLEEP,SLEEP,SLEEP,SLEEP,SLEEP,SLEEP,RELAX,SOCIAL,WORK / CLASS,WORK / CLASS,PRODUCTIVE,SLEEP,RELAX,PRODUCTIVE,EXERCISE,EXERCISE,SOCIAL,PRODUCTIVE,RELAX,RELAX,WASTED,SLEEP,14.3,71
SLEEP,WASTED,#REF!,SLEEP,SLEEP,SLEEP,SLEEP,SLEEP,SLEEP,RELAX,SOCIAL,PRODUCTIVE,PRODUCTIVE,WORK / CLASS,WORK / CLASS,WORK / CLASS,EXERCISE,RELAX,SOCIAL,PRODUCTIVE,productive,relax,relax,romance,12.2,65
SLEEP,SLEEP,SLEEP,SLEEP,SLEEP,SLEEP,SLEEP,PRODUCTIVE,WORK / CLASS,PRODUCTIVE,WORK / CLASS,WORK / CLASS,PRODUCTIVE,WORK / CLASS,WORK / CLASS,WORK / CLASS,RELAX,PRODUCTIVE,PRODUCTIVE,WORK / CLASS,RELAX,PRODUCTIVE,ROMANCE,SLEEP,8.5,36
SLEEP,SLEEP,SLEEP,SLEEP,SLEEP,SLEEP,SLEEP,RELAX,RELAX,RELAX,ROMANCE,PRODUCTIVE,PRODUCTIVE,WORK / CLASS,WORK / CLASS,WORK / CLASS,PRODUCTIVE,RELAX,RELAX,wasted,relax,social,social,romance,9.2,44
relax,SLEEP,SLEEP,SLEEP,SLEEP,SLEEP,SLEEP,SLEEP,SLEEP,productive,work / class,RELAX,PRODUCTIVE,SOCIAL,RELAX,PRODUCTIVE,PRODUCTIVE,PRODUCTIVE,PRODUCTIVE,WORK / CLASS,WORK / CLASS,WORK / CLASS,RELAX,SOCIAL,7.8,18
SOCIAL,SOCIAL,SOCIAL,SOCIAL,RELAX,RELAX,SLEEP,SLEEP,SLEEP,SLEEP,SLEEP,SLEEP,SLEEP,ROMANCE,RELAX,PRODUCTIVE,PRODUCTIVE,PRODUCTIVE,ROMANCE,ROMANCE,ROMANCE,SOCIAL,SOCIAL,SOCIAL,14.1,26
SOCIAL,SOCIAL,SLEEP,SLEEP,SLEEP,SLEEP,SLEEP,RELAX,RELAX,RELAX,SLEEP,RELAX,SOCIAL,SOCIAL,RELAX,RELAX,RELAX,RELAX,RELAX,PRODUCTIVE,PRODUCTIVE,RELAX,RELAX,SLEEP,6.3,11
SLEEP,SLEEP,SLEEP,SLEEP,SLEEP,SLEEP,SLEEP,SLEEP,RELAX,PRODUCTIVE,WORK / CLASS,WORK / CLASS,PRODUCTIVE,RELAX,PRODUCTIVE,PRODUCTIVE,PRODUCTIVE,PRODUCTIVE,SOCIAL,SOCIAL,PRODUCTIVE,RELAX,RELAX,RELAX,7.1,71
SLEEP,SLEEP,SLEEP,SLEEP,SLEEP,SLEEP,SLEEP,SLEEP,RELAX,RELAX,RELAX,PRODUCTIVE,PRODUCTIVE,WORK / CLASS,WORK / CLASS,WORK / CLASS,PRODUCTIVE,RELAX,SOCIAL,PRODUCTIVE,PRODUCTIVE,SOCIAL,SOCIAL,RELAX,7.5,69
SLEEP,SLEEP,SLEEP,SLEEP,SLEEP,SLEEP,SLEEP,EXERCISE,PRODUCTIVE,RELAX,WORK / CLASS,WORK / CLASS,PRODUCTIVE,WORK / CLASS,WORK / CLASS,WORK / CLASS,PRODUCTIVE,SOCIAL,SOCIAL,RELAX,PRODUCTIVE,PRODUCTIVE,SOCIAL,RELAX,13.9,52
SLEEP,SLEEP,SLEEP,SLEEP,SLEEP,SLEEP,RELAX,EXERCISE,PRODUCTIVE,SOCIAL,PRODUCTIVE,PRODUCTIVE,PRODUCTIVE,WORK / CLASS,WORK / CLASS,WORK / CLASS,PRODUCTIVE,SOCIAL,SOCIAL,SOCIAL,PRODUCTIVE,SOCIAL,SOCIAL,SOCIAL,13.6,32
RELAX,SLEEP,SLEEP,SLEEP,SLEEP,SLEEP,SLEEP,SLEEP,RELAX,PRODUCTIVE,WORK / CLASS,SOCIAL,SOCIAL,SOCIAL,PRODUCTIVE,PRODUCTIVE,SOCIAL,SOCIAL,SOCIAL,SOCIAL,RELAX,RELAX,SOCIAL,SOCIAL,12.7,29
SOCIAL,RELAX,SLEEP,SLEEP,SLEEP,SLEEP,SLEEP,SLEEP,RELAX,EXERCISE,PRODUCTIVE,SOCIAL,PRODUCTIVE,PRODUCTIVE,PRODUCTIVE,PRODUCTIVE,SOCIAL,SOCIAL,SOCIAL,SOCIAL,SLEEP,SLEEP,RELAX,SOCIAL,15.4,28
SOCIAL,SOCIAL,RELAX,SLEEP,SLEEP,SLEEP,SLEEP,SLEEP,SLEEP,SLEEP,RELAX,PRODUCTIVE,RELAX,RELAX,RELAX,PRODUCTIVE,PRODUCTIVE,ROMANCE,PRODUCTIVE,PRODUCTIVE,RELAX,RELAX,RELAX,RELAX,7.1,76
SLEEP,SLEEP,SLEEP,SLEEP,SLEEP,SLEEP,SLEEP,RELAX,PRODUCTIVE,PRODUCTIVE,WORK / CLASS,WORK / CLASS,PRODUCTIVE,PRODUCTIVE,PRODUCTIVE,DEVELOPMENT,RELAX,WORK / CLASS,PRODUCTIVE,PRODUCTIVE,productive,social,relax,relax,7.8,62
SLEEP,SLEEP,SLEEP,SLEEP,SLEEP,SLEEP,SLEEP,exercise,productive,relax,PRODUCTIVE,PRODUCTIVE,PRODUCTIVE,WORK / CLASS,WORK / CLASS,WORK / CLASS,PRODUCTIVE,ROMANCE,PRODUCTIVE,PRODUCTIVE,PRODUCTIVE,RELAX,RELAX,RELAX,11.1,51
SLEEP,SLEEP,SLEEP,SLEEP,SLEEP,SLEEP,PRODUCTIVE,EXERCISE,RELAX,PRODUCTIVE,WORK / CLASS,WORK / CLASS,PRODUCTIVE,WORK / CLASS,WORK / CLASS,WORK / CLASS,PRODUCTIVE,PRODUCTIVE,PRODUCTIVE,PRODUCTIVE,PRODUCTIVE,RELAX,PRODUCTIVE,SOCIAL,11.3,73
RELAX,RELAX,SLEEP,SLEEP,SLEEP,SLEEP,SLEEP,SLEEP,SLEEP,RELAX,PRODUCTIVE,PRODUCTIVE,RELAX,WORK / CLASS,WORK / CLASS,WORK / CLASS,PRODUCTIVE,RELAX,PRODUCTIVE,PRODUCTIVE,PRODUCTIVE,PRODUCTIVE,RELAX,PRODUCTIVE,12.3,31
PRODUCTIVE,RELAX,SLEEP,SLEEP,SLEEP,SLEEP,SLEEP,SLEEP,RELAX,PRODUCTIVE,WORK / CLASS,PRODUCTIVE,PRODUCTIVE,PRODUCTIVE,PRODUCTIVE,PRODUCTIVE,RELAX,RELAX,PRODUCTIVE,PRODUCTIVE,RELAX,ROMANCE,SLEEP,SLEEP,11.6,40
SLEEP,SLEEP,SLEEP,SLEEP,SLEEP,SLEEP,RELAX,PRODUCTIVE,PRODUCTIVE,SOCIAL,SOCIAL,SOCIAL,SOCIAL,SOCIAL,SOCIAL,SOCIAL,SOCIAL,ROMANCE,RELAX,SOCIAL,SOCIAL,SOCIAL,ROMANCE,ROMANCE,16,44
SOCIAL,SOCIAL,RELAX,SLEEP,SLEEP,SLEEP,SLEEP,SLEEP,SLEEP,RELAX,EXERCISE,EXERCISE,PRODUCTIVE,RELAX,RELAX,SLEEP,SLEEP,SLEEP,ROMANCE,PRODUCTIVE,RELAX,RELAX,SLEEP,SLEEP,8.9,43
SLEEP,SLEEP,SLEEP,SLEEP,SLEEP,SLEEP,PRODUCTIVE,EXERCISE,PRODUCTIVE,productive,work / class,work / class,relax,sleep,sleep,sleep,sleep,work / class,RELAX,PRODUCTIVE,PRODUCTIVE,PRODUCTIVE,PRODUCTIVE,relax,8.8,48
SLEEP,SLEEP,SLEEP,SLEEP,SLEEP,SLEEP,SLEEP,SLEEP,relax,productive,PRODUCTIVE,PRODUCTIVE,PRODUCTIVE,WORK / CLASS,WORK / CLASS,WORK / CLASS,SOCIAL,PRODUCTIVE,PRODUCTIVE,SOCIAL,PRODUCTIVE,RELAX,SLEEP,SLEEP,8.2,97
SLEEP,SLEEP,SLEEP,SLEEP,SLEEP,SLEEP,SLEEP,RELAX,RELAX,ROMANCE,WORK / CLASS,WORK / CLASS,PRODUCTIVE,WORK / CLASS,WORK / CLASS,WORK / CLASS,RELAX,PRODUCTIVE,RELAX,social,social,romance,relax,sleep,12.5,49
SLEEP,SLEEP,SLEEP,SLEEP,SLEEP,SLEEP,SLEEP,SLEEP,relax,productive,exercise,PRODUCTIVE,PRODUCTIVE,WORK / CLASS,WORK / CLASS,WORK / CLASS,SOCIAL,SOCIAL,SOCIAL,PRODUCTIVE,PRODUCTIVE,PRODUCTIVE,SOCIAL,ROMANCE,11.7,56
SLEEP,SLEEP,SLEEP,SLEEP,SLEEP,SLEEP,EXERCISE,RELAX,PRODUCTIVE,SOCIAL,WORK / CLASS,PRODUCTIVE,SOCIAL,#REF!,,,,RELAX,RELAX,SOCIAL,SOCIAL,social,relax,sleep,12.5,47
SLEEP,SLEEP,SLEEP,SLEEP,SLEEP,SLEEP,SLEEP,SLEEP,exercise,PRODUCTIVE,PRODUCTIVE,RELAX,SOCIAL,,PRODUCTIVE,PRODUCTIVE,PRODUCTIVE,PRODUCTIVE,PRODUCTIVE,PRODUCTIVE,social,SOCIAL,SOCIAL,social,14.8,82
social,social,,relax,SLEEP,SLEEP,SLEEP,SLEEP,SLEEP,romance,productive,SOCIAL,PRODUCTIVE,PRODUCTIVE,PRODUCTIVE,PRODUCTIVE,PRODUCTIVE,RELAX,RELAX,RELAX,PRODUCTIVE,PRODUCTIVE,RELAX,SLEEP,7.6,36
SLEEP,SLEEP,SLEEP,SLEEP,SLEEP,SLEEP,SLEEP,SLEEP,RELAX,PRODUCTIVE,WORK / CLASS,WORK / CLASS,PRODUCTIVE,EXERCISE,SLEEP,SLEEP,SLEEP,WORK / CLASS,PRODUCTIVE,PRODUCTIVE,RELAX,RELAX,RELAX,SLEEP,9.5,81
SLEEP,SLEEP,SLEEP,SLEEP,SLEEP,SLEEP,RELAX,EXERCISE,RELAX,RELAX,PRODUCTIVE,PRODUCTIVE,SOCIAL,WORK / CLASS,WORK / CLASS,WORK / CLASS,RELAX,RELAX,PRODUCTIVE,SOCIAL,PRODUCTIVE,PRODUCTIVE,PRODUCTIVE,RELAX,11.4,69
RELAX,SLEEP,SLEEP,SLEEP,SLEEP,SLEEP,PRODUCTIVE,EXERCISE,RELAX,PRODUCTIVE,WORK / CLASS,WORK / CLASS,PRODUCTIVE,WORK / CLASS,WORK / CLASS,WORK / CLASS,RELAX,PRODUCTIVE,PRODUCTIVE,PRODUCTIVE,productive,productive,social,social,14.2,42
social,relax,SLEEP,SLEEP,SLEEP,SLEEP,SLEEP,SLEEP,SLEEP,SLEEP,relax,relax,productive,WORK / CLASS,WORK / CLASS,WORK / CLASS,relax,relax,relax,relax,WORK / CLASS,WORK / CLASS,SOCIAL,WORK / CLASS,9.3,--
SLEEP,SLEEP,SLEEP,SLEEP,SLEEP,SLEEP,SLEEP,SLEEP,SLEEP,SLEEP,SLEEP,productive,social,productive,productive,social,social,relax,social,social,social,social,relax,relax,10.5,70
SLEEP,SLEEP,SLEEP,SLEEP,SLEEP,SLEEP,SLEEP,productive,social,social,relax,social,social,relax,relax,sleep,sleep,sleep,productive,productive,relax,relax,romance,sleep,8,57
sleep,SLEEP,SLEEP,SLEEP,SLEEP,SLEEP,SLEEP,relax,productive,relax,relax,relax,romance,romance,romance,romance,development,development,relax,romance,family,relax,relax,sleep,10.6,50
sleep,SLEEP,SLEEP,sleep,SLEEP,SLEEP,SLEEP,SLEEP,RELAX,PRODUCTIVE,PRODUCTIVE,PRODUCTIVE,PRODUCTIVE,PRODUCTIVE,PRODUCTIVE,RELAX,PRODUCTIVE,productive,productive,productive,relax,relax,sleep,sleep,6.6,75
sleep,SLEEP,SLEEP,sleep,SLEEP,SLEEP,SLEEP,relax,productive,relax,RELAX,RELAX,SLEEP,SLEEP,RELAX,PRODUCTIVE,PRODUCTIVE,EXERCISE,RELAX,SOCIAL,SOCIAL,RELAX,SLEEP,SLEEP,10.9,--
sleep,SLEEP,SLEEP,sleep,SLEEP,SLEEP,SLEEP,SLEEP,RELAX,RELAX,RELAX,EXERCISE,PRODUCTIVE,RELAX,RELAX,SLEEP,SLEEP,SLEEP,PRODUCTIVE,SOCIAL,SOCIAL,RELAX,SOCIAL,SOCIAL,13.2,85
RELAX,RELAX,SLEEP,SLEEP,SLEEP,SLEEP,SLEEP,SLEEP,SLEEP,RELAX,RELAX,RELAX,RELAX,SOCIAL,SOCIAL,RELAX,RELAX,SOCIAL,SOCIAL,RELAX,SOCIAL,SOCIAL,SLEEP,SLEEP,8.1,90
SLEEP,SLEEP,SLEEP,SLEEP,SLEEP,SLEEP,SLEEP,PRODUCTIVE,RELAX,RELAX,RELAX,EXERCISE,PRODUCTIVE,DEVELOPMENT,PRODUCTIVE,RELAX,PRODUCTIVE,PRODUCTIVE,PRODUCTIVE,PRODUCTIVE,RELAX,SOCIAL,SOCIAL,RELAX,15.9,52
SLEEP,SLEEP,SLEEP,SLEEP,SLEEP,SLEEP,SLEEP,SLEEP,ROMANCE,RELAX,PRODUCTIVE,ROMANCE,RELAX,RELAX,RELAX,PRODUCTIVE,PRODUCTIVE,PRODUCTIVE,PRODUCTIVE,RELAX,RELAX,RELAX,RELAX,SOCIAL,11.2,32
SLEEP,RELAX,RELAX,SLEEP,SLEEP,SLEEP,SLEEP,SLEEP,SLEEP,SLEEP,SLEEP,RELAX,EXERCISE,EXERCISE,PRODUCTIVE,RELAX,PRODUCTIVE,RELAX,PRODUCTIVE,PRODUCTIVE,PRODUCTIVE,RELAX,RELAX,SLEEP,10.2,92
SLEEP,SLEEP,SLEEP,SLEEP,SLEEP,SLEEP,SLEEP,SLEEP,RELAX,PRODUCTIVE,WORK / CLASS,WORK / CLASS,PRODUCTIVE,PRODUCTIVE,PRODUCTIVE,RELAX,PRODUCTIVE,WORK / CLASS,RELAX,PRODUCTIVE,RELAX,PRODUCTIVE,WASTED,RELAX,8.4,64
SLEEP,SLEEP,SLEEP,SLEEP,SLEEP,SLEEP,PRODUCTIVE,EXERCISE,EXERCISE,DEVELOPMENT,RELAX,PRODUCTIVE,SOCIAL,WORK / CLASS,WORK / CLASS,WORK / CLASS,EXERCISE,EXERCISE,ROMANCE,RELAX,PRODUCTIVE,PRODUCTIVE,SLEEP,RELAX,18.1,48
SLEEP,SLEEP,SLEEP,SLEEP,SLEEP,SLEEP,SLEEP,SLEEP,RELAX,PRODUCTIVE,WORK / CLASS,WORK / CLASS,PRODUCTIVE,WORK / CLASS,WORK / CLASS,WORK / CLASS,EXERCISE,EXERCISE,PRODUCTIVE,WORK / CLASS,RELAX,RELAX,SLEEP,SLEEP,15.6,29
SLEEP,SLEEP,SLEEP,SLEEP,SLEEP,SLEEP,PRODUCTIVE,EXERCISE,EXERCISE,RELAX,PRODUCTIVE,PRODUCTIVE,PRODUCTIVE,WORK / CLASS,WORK / CLASS,WORK / CLASS,PRODUCTIVE,DEVELOPMENT,RELAX,WORK / CLASS,RELAX,SOCIAL,SOCIAL,SLEEP,15.7,23
SLEEP,SLEEP,SLEEP,SLEEP,SLEEP,SLEEP,PRODUCTIVE,EXERCISE,EXERCISE,RELAX,WORK / CLASS,RELAX,SOCIAL,RELAX,RELAX,RELAX,PRODUCTIVE,PRODUCTIVE,PRODUCTIVE,WORK / CLASS,SOCIAL,SOCIAL,SOCIAL,RELAX,17.6,48
RELAX,SLEEP,SLEEP,SLEEP,SLEEP,SLEEP,SLEEP,SLEEP,SLEEP,RELAX,PRODUCTIVE,SOCIAL,SOCIAL,ROMANCE,PRODUCTIVE,PRODUCTIVE,PRODUCTIVE,PRODUCTIVE,PRODUCTIVE,SOCIAL,RELAX,PRODUCTIVE,PRODUCTIVE,PRODUCTIVE,7.4,66
RELAX,SLEEP,SLEEP,SLEEP,SLEEP,SLEEP,SLEEP,SLEEP,RELAX,SOCIAL,RELAX,SOCIAL,SOCIAL,SOCIAL,SOCIAL,SLEEP,SOCIAL,PRODUCTIVE,SOCIAL,SOCIAL,RELAX,PRODUCTIVE,PRODUCTIVE,SLEEP,10.8,89
SLEEP,SLEEP,SLEEP,SLEEP,SLEEP,SLEEP,SLEEP,PRODUCTIVE,PRODUCTIVE,PRODUCTIVE,WORK / CLASS,WORK / CLASS,SLEEP,SOCIAL,PRODUCTIVE,PRODUCTIVE,PRODUCTIVE,WORK / CLASS,RELAX,WORK / CLASS,PRODUCTIVE,PRODUCTIVE,RELAX,SLEEP,8.9,89
SLEEP,SLEEP,SLEEP,SLEEP,SLEEP,SLEEP,PRODUCTIVE,EXERCISE,EXERCISE,DEVELOPMENT,RELAX,PRODUCTIVE,PRODUCTIVE,WORK / CLASS,WORK / CLASS,WORK / CLASS,EXERCISE,EXERCISE,SOCIAL,PRODUCTIVE,PRODUCTIVE,PRODUCTIVE,PRODUCTIVE,SLEEP,17.6,--
SLEEP,SLEEP,SLEEP,SLEEP,SLEEP,SLEEP,SLEEP,SLEEP,RELAX,relax,WORK / CLASS,WORK / CLASS,RELAX,WORK / CLASS,WORK / CLASS,WORK / CLASS,EXERCISE,EXERCISE,PRODUCTIVE,WORK / CLASS,PRODUCTIVE,PRODUCTIVE,PRODUCTIVE,RELAX,13.1,64
SLEEP,SLEEP,SLEEP,SLEEP,SLEEP,SLEEP,PRODUCTIVE,EXERCISE,EXERCISE,RELAX,PRODUCTIVE,PRODUCTIVE,SOCIAL,WORK / CLASS,WORK / CLASS,WORK / CLASS,PRODUCTIVE,PRODUCTIVE,PRODUCTIVE,WORK / CLASS,WORK / CLASS,WORK / CLASS,PRODUCTIVE,PRODUCTIVE,13.4,29
SLEEP,SLEEP,SLEEP,SLEEP,SLEEP,SLEEP,EXERCISE,EXERCISE,relax,productive,work / class,productive,SOCIAL,DEVELOPMENT,DEVELOPMENT,EXERCISE,SOCIAL,PRODUCTIVE,SOCIAL,PRODUCTIVE,SOCIAL,SOCIAL,SOCIAL,RELAX,17.8,30
SLEEP,SLEEP,SLEEP,SLEEP,SLEEP,SLEEP,SLEEP,SLEEP,RELAX,RELAX,RELAX,SOCIAL,RELAX,PRODUCTIVE,PRODUCTIVE,PRODUCTIVE,PRODUCTIVE,PRODUCTIVE,PRODUCTIVE,PRODUCTIVE,PRODUCTIVE,RELAX,RELAX,RELAX,6.3,59
SLEEP,SLEEP,SLEEP,SLEEP,SLEEP,SLEEP,SLEEP,SLEEP,RELAX,PRODUCTIVE,PRODUCTIVE,PRODUCTIVE,PRODUCTIVE,PRODUCTIVE,PRODUCTIVE,PRODUCTIVE,RELAX,PRODUCTIVE,PRODUCTIVE,PRODUCTIVE,PRODUCTIVE,PRODUCTIVE,RELAX,SLEEP,7.8,16
SLEEP,SLEEP,SLEEP,SLEEP,SLEEP,SLEEP,SLEEP,SLEEP,RELAX,PRODUCTIVE,WORK / CLASS,WORK / CLASS,PRODUCTIVE,SLEEP,SLEEP,RELAX,DEVELOPMENT,WORK / CLASS,SOCIAL,WORK / CLASS,PRODUCTIVE,PRODUCTIVE,RELAX,SLEEP,9.8,44
SLEEP,SLEEP,SLEEP,SLEEP,SLEEP,SLEEP,EXERCISE,EXERCISE,DEVELOPMENT,DEVELOPMENT,DEVELOPMENT,RELAX,RELAX,RELAX,RELAX,DEVELOPMENT,DEVELOPMENT,ROMANCE,ROMANCE,PRODUCTIVE,RELAX,PRODUCTIVE,PRODUCTIVE,RELAX,--,--
SLEEP,SLEEP,SLEEP,SLEEP,SLEEP,SLEEP,SLEEP,SLEEP,RELAX,RELAX,RELAX,RELAX,ROMANCE,RELAX,SLEEP,SLEEP,SLEEP,RELAX,SOCIAL,WORK / CLASS,RELAX,RELAX,RELAX,RELAX,6.3,66
SLEEP,SLEEP,SLEEP,SLEEP,SLEEP,SLEEP,SLEEP,PRODUCTIVE,SOCIAL,DEVELOPMENT,PRODUCTIVE,PRODUCTIVE,WORK / CLASS,WORK / CLASS,WORK / CLASS,WORK / CLASS,social,productive,productive,social,productive,productive,relax,sleep,10.8,98
SLEEP,SLEEP,SLEEP,SLEEP,SLEEP,SLEEP,EXERCISE,EXERCISE,EXERCISE,PRODUCTIVE,WORK / CLASS,PRODUCTIVE,PRODUCTIVE,RELAX,productive,romance,RELAX,RELAX,productive,SOCIAL,RELAX,RELAX,WORK / CLASS,RELAX,17,76
SLEEP,SLEEP,SLEEP,SLEEP,SLEEP,SLEEP,SLEEP,SLEEP,SLEEP,RELAX,RELAX,RELAX,RELAX,RELAX,SOCIAL,SOCIAL,SOCIAL,ROMANCE,RELAX,RELAX,RELAX,SOCIAL,SOCIAL,SOCIAL,14.6,51
SOCIAL,SOCIAL,RELAX,SLEEP,SLEEP,SLEEP,SLEEP,SLEEP,SLEEP,SLEEP,SLEEP,RELAX,PRODUCTIVE,SLEEP,PRODUCTIVE,PRODUCTIVE,PRODUCTIVE,ROMANCE,SOCIAL,SOCIAL,SOCIAL,SOCIAL,RELAX,SLEEP,8.4,49
SLEEP,SLEEP,SLEEP,SLEEP,SLEEP,SLEEP,SLEEP,SLEEP,RELAX,PRODUCTIVE,WORK / CLASS,WORK / CLASS,PRODUCTIVE,PRODUCTIVE,WORK / CLASS,PRODUCTIVE,PRODUCTIVE,WORK / CLASS,PRODUCTIVE,WORK / CLASS,RELAX,PRODUCTIVE,RELAX,SLEEP,10.1,67
SLEEP,SLEEP,SLEEP,SLEEP,SLEEP,SLEEP,EXERCISE,EXERCISE,PRODUCTIVE,DEVELOPMENT,SLEEP,PRODUCTIVE,PRODUCTIVE,WORK / CLASS,WORK / CLASS,WORK / CLASS,EXERCISE,EXERCISE,PRODUCTIVE,DEVELOPMENT,PRODUCTIVE,RELAX,SOCIAL,SLEEP,17.9,65
SLEEP,SLEEP,SLEEP,SLEEP,SLEEP,SLEEP,SLEEP,RELAX,PRODUCTIVE,PRODUCTIVE,WORK / CLASS,WORK / CLASS,PRODUCTIVE,WORK / CLASS,WORK / CLASS,WORK / CLASS,PRODUCTIVE,SOCIAL,SOCIAL,RELAX,PRODUCTIVE,PRODUCTIVE,RELAX,SLEEP,10.2,68
SLEEP,SLEEP,SLEEP,SLEEP,SLEEP,SLEEP,EXERCISE,EXERCISE,PRODUCTIVE,DEVELOPMENT,PRODUCTIVE,PRODUCTIVE,PRODUCTIVE,WORK / CLASS,WORK / CLASS,WORK / CLASS,PRODUCTIVE,PRODUCTIVE,PRODUCTIVE,PRODUCTIVE,WORK / CLASS,WORK / CLASS,SOCIAL,SLEEP,16.2,73
SLEEP,SLEEP,SLEEP,SLEEP,SLEEP,SLEEP,EXERCISE,EXERCISE,PRODUCTIVE,FAMILY,WORK / CLASS,PRODUCTIVE,PRODUCTIVE,PRODUCTIVE,PRODUCTIVE,PRODUCTIVE,social,SOCIAL,SOCIAL,SOCIAL,Sleep,social,relax,Romance,18.3,43
SLEEP,SLEEP,SLEEP,SLEEP,SLEEP,SLEEP,SLEEP,relax,EXERCISE,EXERCISE,DEVELOPMENT,SOCIAL,DEVELOPMENT,DEVELOPMENT,RELAX,SLEEP,RELAX,ROMANCE,PRODUCTIVE,PRODUCTIVE,PRODUCTIVE,PRODUCTIVE,SOCIAL,SOCIAL,16.9,9
RELAX,SLEEP,SLEEP,SLEEP,SLEEP,SLEEP,SLEEP,SLEEP,RELAX,RELAX,PRODUCTIVE,PRODUCTIVE,PRODUCTIVE,RELAX,RELAX,PRODUCTIVE,PRODUCTIVE,ROMANCE,SLEEP,PRODUCTIVE,PRODUCTIVE,PRODUCTIVE,FAMILY,RELAX,8.8,13
SLEEP,SLEEP,SLEEP,SLEEP,SLEEP,SLEEP,SLEEP,SLEEP,PRODUCTIVE,RELAX,WORK / CLASS,WORK / CLASS,RELAX,RELAX,SLEEP,RELAX,PRODUCTIVE,WORK / CLASS,RELAX,WORK / CLASS,RELAX,ROMANCE,RELAX,SLEEP,9.9,68
SLEEP,SLEEP,SLEEP,SLEEP,SLEEP,SLEEP,EXERCISE,EXERCISE,EXERCISE,SOCIAL,SLEEP,PRODUCTIVE,PRODUCTIVE,WORK / CLASS,WORK / CLASS,WORK / CLASS,PRODUCTIVE,PRODUCTIVE,PRODUCTIVE,RELAX,RELAX,RELAX,PRODUCTIVE,RELAX,15.2,65
SLEEP,SLEEP,SLEEP,SLEEP,SLEEP,SLEEP,SLEEP,RELAX,PRODUCTIVE,PRODUCTIVE,WORK / CLASS,WORK / CLASS,PRODUCTIVE,WORK / CLASS,WORK / CLASS,WORK / CLASS,EXERCISE,EXERCISE,PRODUCTIVE,ROMANCE,FAMILY,PRODUCTIVE,SLEEP,SLEEP,14.1,56
SLEEP,SLEEP,SLEEP,SLEEP,SLEEP,SLEEP,EXERCISE,EXERCISE,SOCIAL,DEVELOPMENT,PRODUCTIVE,PRODUCTIVE,PRODUCTIVE,#REF!,WORK / CLASS,WORK / CLASS,RELAX,RELAX,ROMANCE,ROMANCE,RELAX,PRODUCTIVE,SLEEP,SLEEP,14.7,68
SLEEP,SLEEP,SLEEP,WASTED,PRODUCTIVE,RELAX,EXERCISE,EXERCISE,SOCIAL,RELAX,WORK / CLASS,RELAX,PRODUCTIVE,WORK / CLASS,PRODUCTIVE,PRODUCTIVE,PRODUCTIVE,PRODUCTIVE,SOCIAL,SOCIAL,SOCIAL,SOCIAL,SOCIAL,RELAX,15.5,37
SLEEP,SLEEP,SLEEP,SLEEP,SLEEP,SLEEP,SLEEP,SLEEP,RELAX,RELAX,PRODUCTIVE,productive,SOCIAL,SOCIAL,SOCIAL,SOCIAL,SOCIAL,SOCIAL,SOCIAL,SOCIAL,SOCIAL,SOCIAL,SLEEP,SLEEP,10.8,31
SLEEP,SLEEP,SLEEP,SLEEP,SLEEP,SLEEP,SLEEP,SLEEP,PRODUCTIVE,RELAX,PRODUCTIVE,RELAX,PRODUCTIVE,PRODUCTIVE,PRODUCTIVE,PRODUCTIVE,PRODUCTIVE,PRODUCTIVE,RELAX,SOCIAL,SOCIAL,SOCIAL,RELAX,RELAX,8.8,84
SLEEP,SLEEP,SLEEP,SLEEP,SLEEP,SLEEP,SLEEP,PRODUCTIVE,RELAX,RELAX,WORK / CLASS,WORK / CLASS,PRODUCTIVE,ROMANCE,PRODUCTIVE,PRODUCTIVE,PRODUCTIVE,PRODUCTIVE,SOCIAL,SOCIAL,PRODUCTIVE,PRODUCTIVE,RELAX,SOCIAL,10.1,63
SOCIAL,RELAX,SLEEP,SLEEP,SLEEP,SLEEP,EXERCISE,EXERCISE,RELAX,SLEEP,SLEEP,SLEEP,PRODUCTIVE,RELAX,PRODUCTIVE,WORK / CLASS,SOCIAL,SOCIAL,PRODUCTIVE,RELAX,SOCIAL,RELAX,RELAX,SLEEP,11.7,26
SLEEP,SLEEP,SLEEP,SLEEP,SLEEP,SLEEP,SLEEP,RELAX,PRODUCTIVE,PRODUCTIVE,WORK / CLASS,WORK / CLASS,PRODUCTIVE,WORK / CLASS,WORK / CLASS,WORK / CLASS,EXERCISE,EXERCISE,RELAX,RELAX,RELAX,PRODUCTIVE,PRODUCTIVE,PRODUCTIVE,15.1,68
SOCIAL,RELAX,SLEEP,SLEEP,SLEEP,SLEEP,EXERCISE,EXERCISE,RELAX,DEVELOPMENT,RELAX,RELAX,SOCIAL,WORK / CLASS,WORK / CLASS,WORK / CLASS,RELAX,SOCIAL,RELAX,SOCIAL,SOCIAL,SOCIAL,SOCIAL,SLEEP,13.6,50
SLEEP,SLEEP,SLEEP,SLEEP,SLEEP,SLEEP,EXERCISE,EXERCISE,RELAX,RELAX,SOCIAL,EXERCISE,RELAX,SOCIAL,SOCIAL,SOCIAL,RELAX,SOCIAL,SOCIAL,SOCIAL,SOCIAL,ROMANCE,ROMANCE,RELAX,18.1,55
SOCIAL,SLEEP,SLEEP,SLEEP,SLEEP,SLEEP,SLEEP,SLEEP,RELAX,RELAX,PRODUCTIVE,PRODUCTIVE,FAMILY,FAMILY,FAMILY,FAMILY,FAMILY,SOCIAL,SOCIAL,SOCIAL,SOCIAL,SOCIAL,SOCIAL,SOCIAL,14.2,25
SOCIAL,SOCIAL,SLEEP,SLEEP,SLEEP,SLEEP,SLEEP,SLEEP,RELAX,social,productive,productive,social,romance,social,social,social,romance,social,social,social,SOCIAL,SOCIAL,RELAX,17.2,37
SLEEP,SLEEP,SLEEP,SLEEP,SLEEP,SLEEP,SLEEP,SLEEP,RELAX,RELAX,RELAX,exercise,productive,RELAX,PRODUCTIVE,PRODUCTIVE,RELAX,WORK / CLASS,WORK / CLASS,PRODUCTIVE,RELAX,SOCIAL,SOCIAL,RELAX,10.6,69
SLEEP,SLEEP,SLEEP,SLEEP,SLEEP,SLEEP,SLEEP,SLEEP,SLEEP,RELAX,RELAX,EXERCISE,RELAX,RELAX,SLEEP,SLEEP,RELAX,RELAX,PRODUCTIVE,RELAX,SOCIAL,RELAX,RELAX,RELAX,9,93
SLEEP,SLEEP,SLEEP,SLEEP,SLEEP,SLEEP,SLEEP,SLEEP,PRODUCTIVE,RELAX,PRODUCTIVE,RELAX,WORK / CLASS,WORK / CLASS,WORK / CLASS,WORK / CLASS,PRODUCTIVE,PRODUCTIVE,PRODUCTIVE,PRODUCTIVE,PRODUCTIVE,SOCIAL,RELAX,SLEEP,8.6,66
SLEEP,SLEEP,SLEEP,SLEEP,SLEEP,SLEEP,SLEEP,SLEEP,RELAX,PRODUCTIVE,EXERCISE,SOCIAL,PRODUCTIVE,PRODUCTIVE,PRODUCTIVE,PRODUCTIVE,RELAX,PRODUCTIVE,PRODUCTIVE,WORK / CLASS,WORK / CLASS,WORK / CLASS,RELAX,SLEEP,11.2,72
SLEEP,SLEEP,SLEEP,SLEEP,SLEEP,SLEEP,SLEEP,RELAX,RELAX,PRODUCTIVE,PRODUCTIVE,PRODUCTIVE,RELAX,RELAX,PRODUCTIVE,ROMANCE,PRODUCTIVE,PRODUCTIVE,RELAX,RELAX,PRODUCTIVE,SOCIAL,SOCIAL,RELAX,9.1,85
SLEEP,SLEEP,SLEEP,SLEEP,SLEEP,SLEEP,SLEEP,RELAX,EXERCISE,RELAX,PRODUCTIVE,PRODUCTIVE,PRODUCTIVE,PRODUCTIVE,PRODUCTIVE,RELAX,RELAX,PRODUCTIVE,PRODUCTIVE,PRODUCTIVE,RELAX,RELAX,SOCIAL,SOCIAL,11.4,84
RELAX,RELAX,SLEEP,SLEEP,SLEEP,SLEEP,SLEEP,SLEEP,SLEEP,SLEEP,RELAX,FAMILY,PRODUCTIVE,PRODUCTIVE,PRODUCTIVE,PRODUCTIVE,SLEEP,RELAX,RELAX,PRODUCTIVE,SOCIAL,SOCIAL,SOCIAL,SOCIAL,9.3,35
RELAX,SLEEP,SLEEP,SLEEP,SLEEP,SLEEP,SLEEP,PRODUCTIVE,PRODUCTIVE,PRODUCTIVE,PRODUCTIVE,PRODUCTIVE,PRODUCTIVE,PRODUCTIVE,SLEEP,RELAX,PRODUCTIVE,PRODUCTIVE,RELAX,PRODUCTIVE,SOCIAL,RELAX,RELAX,SLEEP,7.1,31
SLEEP,SLEEP,SLEEP,SLEEP,SLEEP,SLEEP,PRODUCTIVE,PRODUCTIVE,RELAX,WORK / CLASS,RELAX,RELAX,PRODUCTIVE,SOCIAL,SOCIAL,PRODUCTIVE,RELAX,RELAX,PRODUCTIVE,PRODUCTIVE,SOCIAL,SOCIAL,SOCIAL,SOCIAL,11.2,49
RELAX,SLEEP,SLEEP,SLEEP,SLEEP,SLEEP,SLEEP,SLEEP,SLEEP,SLEEP,RELAX,SLEEP,RELAX,PRODUCTIVE,SOCIAL,PRODUCTIVE,WORK / CLASS,RELAX,PRODUCTIVE,PRODUCTIVE,PRODUCTIVE,SOCIAL,SOCIAL,SOCIAL,10.7,--
RELAX,SLEEP,SLEEP,SLEEP,SLEEP,SLEEP,SLEEP,RELAX,EXERCISE,PRODUCTIVE,PRODUCTIVE,PRODUCTIVE,WORK / CLASS,SOCIAL,SLEEP,PRODUCTIVE,SLEEP,PRODUCTIVE,PRODUCTIVE,PRODUCTIVE,RELAX,RELAX,WORK / CLASS,RELAX,13,34
SLEEP,SLEEP,SLEEP,SLEEP,SLEEP,SLEEP,SLEEP,PRODUCTIVE,EXERCISE,PRODUCTIVE,PRODUCTIVE,PRODUCTIVE,SOCIAL,PRODUCTIVE,PRODUCTIVE,PRODUCTIVE,PRODUCTIVE,SOCIAL,SOCIAL,SOCIAL,PRODUCTIVE,SOCIAL,WORK / CLASS,RELAX,11.7,86
SLEEP,SLEEP,SLEEP,SLEEP,SLEEP,SLEEP,SLEEP,SLEEP,RELAX,RELAX,PRODUCTIVE,RELAX,SLEEP,ROMANCE,PRODUCTIVE,SOCIAL,RELAX,RELAX,RELAX,RELAX,SLEEP,SLEEP,SLEEP,SLEEP,10.6,74
SLEEP,SLEEP,SLEEP,SLEEP,RELAX,RELAX,RELAX,RELAX,EXERCISE,PRODUCTIVE,PRODUCTIVE,PRODUCTIVE,PRODUCTIVE,PRODUCTIVE,PRODUCTIVE,PRODUCTIVE,PRODUCTIVE,RELAX,PRODUCTIVE,PRODUCTIVE,PRODUCTIVE,SOCIAL,RELAX,RELAX,12.6,55
SLEEP,SLEEP,SLEEP,SLEEP,SLEEP,SLEEP,EXERCISE,EXERCISE,PRODUCTIVE,PRODUCTIVE,PRODUCTIVE,PRODUCTIVE,PRODUCTIVE,WORK / CLASS,WORK / CLASS,PRODUCTIVE,PRODUCTIVE,RELAX,RELAX,SOCIAL,SOCIAL,RELAX,RELAX,RELAX,13.2,28
SLEEP,SLEEP,SLEEP,SLEEP,SLEEP,SLEEP,PRODUCTIVE,PRODUCTIVE,PRODUCTIVE,RELAX,SLEEP,RELAX,RELAX,PRODUCTIVE,PRODUCTIVE,FAMILY,SLEEP,FAMILY,FAMILY,FAMILY,FAMILY,RELAX,RELAX,SLEEP,8.8,10
SLEEP,SLEEP,SLEEP,SLEEP,SLEEP,SLEEP,SLEEP,SLEEP,RELAX,PRODUCTIVE,PRODUCTIVE,PRODUCTIVE,PRODUCTIVE,PRODUCTIVE,PRODUCTIVE,PRODUCTIVE,PRODUCTIVE,RELAX,PRODUCTIVE,PRODUCTIVE,PRODUCTIVE,PRODUCTIVE,RELAX,SLEEP,5.3,--
SLEEP,SLEEP,SLEEP,SLEEP,SLEEP,SLEEP,SLEEP,SLEEP,RELAX,EXERCISE,EXERCISE,RELAX,FAMILY,FAMILY,PRODUCTIVE,RELAX,FAMILY,FAMILY,FAMILY,FAMILY,FAMILY,RELAX,RELAX,SLEEP,15.7,77
SLEEP,SLEEP,SLEEP,SLEEP,SLEEP,SLEEP,SLEEP,SLEEP,PRODUCTIVE,PRODUCTIVE,DEVELOPMENT,EXERCISE,FAMILY,FAMILY,FAMILY,FAMILY,FAMILY,FAMILY,FAMILY,FAMILY,FAMILY,RELAX,RELAX,SLEEP,9.7,--
SLEEP,SLEEP,SLEEP,SLEEP,SLEEP,PRODUCTIVE,FAMILY,RELAX,SLEEP,RELAX,,SOCIAL,SLEEP,SLEEP,SOCIAL,SOCIAL,SOCIAL,RELAX,ROMANCE,RELAX,SOCIAL,SOCIAL,SOCIAL,SOCIAL,14,81
SOCIAL,RELAX,SLEEP,SLEEP,SLEEP,SLEEP,SLEEP,SLEEP,SLEEP,SLEEP,RELAX,PRODUCTIVE,SOCIAL,SOCIAL,SOCIAL,RELAX,SOCIAL,SOCIAL,RELAX,SOCIAL,SOCIAL,RELAX,RELAX,RELAX,9.4,33
RELAX,SLEEP,SLEEP,SLEEP,SLEEP,SLEEP,SLEEP,SLEEP,RELAX,PRODUCTIVE,ROMANCE,PRODUCTIVE,PRODUCTIVE,SLEEP,SLEEP,PRODUCTIVE,RELAX,PRODUCTIVE,,,,,,,,--